[Licensing::Module] Trying to connect to existing licensing client channel...
Built from '6000.5/staging' branch; Version is '6000.5.4f1 (d550df8bd089) revision 13979871'; Using compiler version '194234433'; Build Type 'Release'
OS: 'Windows 11  (10.0.26200) Professional' Language: 'pt' Physical Memory: 64661 MB
[Licensing::IpcConnector] Successfully connected to: "LicenseClient-gusbe" at "2026-09-24T21:38:01.1114231Z"
BatchMode: 1, IsHumanControllingUs: 0, StartBugReporterOnCrash: 0, Is64bit: 1
System  architecture: x64
Process architecture: x64
Date: 2026-09-24T21:38:01Z

COMMAND LINE ARGUMENTS:
C:\Program Files\Unity\Hub\Editor\6000.5.4f1\Editor\Unity.exe
-adb2
-batchMode
-noUpm
-name
AssetImportWorkerHW0
-projectPath
C:/Users/gusbe/OneDrive/Pictures/CheckPoint/Mobile Game Dev/CheckPoint Mobile
-logFile
Logs/AssetImportWorkerHW0.log
-srvPort
54942
-parentPid
25172
-analyticsCloudUserId
anonymous
-analyticsCloudProjectId
71841f54-36eb-4f7a-b526-b41dd1742846
-analyticsLocalProjectId
55db4af554b9d544ab3ff6e2ea6126d1
-noDiagnosticSwitchPersistentStore
-job-worker-count
7
-background-job-worker-count
8
-asset-garbage-collectors
1
-force-d3d12
-name
AssetImport
Successfully changed project path to: C:/Users/gusbe/OneDrive/Pictures/CheckPoint/Mobile Game Dev/CheckPoint Mobile
C:/Users/gusbe/OneDrive/Pictures/CheckPoint/Mobile Game Dev/CheckPoint Mobile
[UnityMemory] Configuration Parameters - Can be set up in boot.config
    "memorysetup-temp-allocator-size-gi-baking-worker=262144"
    "memorysetup-temp-allocator-size-gi-baking-worker=262144"
    "memorysetup-temp-allocator-size-gi-baking-worker=262144"
    "memorysetup-temp-allocator-size-gi-baking-worker=262144"
    "memorysetup-temp-allocator-size-gi-baking-worker=262144"
    "memorysetup-temp-allocator-size-nav-mesh-worker=65536"
    "memorysetup-temp-allocator-size-audio-worker=65536"
    "memorysetup-temp-allocator-size-cloud-worker=32768"
    "memorysetup-temp-allocator-size-gfx=262144"
    "memorysetup-temp-allocator-size-preload-manager=33554432"
    "memorysetup-allocator-temp-initial-block-size-main=262144"
    "memorysetup-allocator-temp-initial-block-size-worker=262144"
    "memorysetup-temp-allocator-size-job-worker=262144"
    "memorysetup-temp-allocator-size-background-worker=32768"
    "memorysetup-bucket-allocator-granularity=16"
    "memorysetup-bucket-allocator-bucket-count=8"
    "memorysetup-bucket-allocator-block-size=33554432"
    "memorysetup-bucket-allocator-block-count=8"
    "memorysetup-main-allocator-block-size=16777216"
    "memorysetup-thread-allocator-block-size=16777216"
    "memorysetup-main-allocator-mimalloc-enabled=0"
    "memorysetup-gfx-main-allocator-block-size=16777216"
    "memorysetup-gfx-thread-allocator-block-size=16777216"
    "memorysetup-cache-allocator-block-size=4194304"
    "memorysetup-typetree-allocator-block-size=2097152"
    "memorysetup-profiler-bucket-allocator-granularity=16"
    "memorysetup-profiler-bucket-allocator-bucket-count=8"
    "memorysetup-profiler-bucket-allocator-block-size=33554432"
    "memorysetup-profiler-bucket-allocator-block-count=8"
    "memorysetup-profiler-allocator-block-size=16777216"
    "memorysetup-profiler-editor-allocator-block-size=1048576"
    "memorysetup-temp-allocator-size-main=16777216"
    "memorysetup-job-temp-allocator-block-size=2097152"
    "memorysetup-job-temp-allocator-block-size-background=1048576"
    "memorysetup-job-temp-allocator-reduction-small-platforms=262144"
Player connection [24132]  Target information:

Player connection [24132]  * "[IP] 192.168.0.132 [Port] 0 [Flags] 2 [Guid] 1792885124 [EditorId] 1792885124 [Version] 1048832 [Id] WindowsEditor(7,LEON) [Debug] 1 [PackageName] WindowsEditor [ProjectName] Editor" 

Player connection [24132]  * "[IP] 26.219.113.147 [Port] 0 [Flags] 2 [Guid] 1792885124 [EditorId] 1792885124 [Version] 1048832 [Id] WindowsEditor(7,LEON) [Debug] 1 [PackageName] WindowsEditor [ProjectName] Editor" 

Player connection [24132] Host joined multi-casting on [225.0.0.222:54997]...
Player connection [24132] Host joined alternative multi-casting on [225.0.0.222:34997]...
JobSystem: Creating JobQueue using job-worker-count value 7
Input System module state changed to: Initialized.
[Physics::Module] Initialized fallback backend.
[Physics::Module] Id: 0xdecafbad
Library Redirect Path: Library/
[Physics::Module] Selected backend.
[Physics::Module] Name: PhysX
[Physics::Module] Id: 0xf2b8ea05
[Physics::Module] SDK Version: 4.1.2
[Physics::Module] Integration Version: 1.0.0
[Physics::Module] Threading Mode: Multi-Threaded
Refreshing native plugins compatible for Editor in 3.17 ms, found 4 plugins.
Initialize engine version: 6000.5.4f1 (d550df8bd089)
[Subsystems] Discovering subsystems at path C:/Program Files/Unity/Hub/Editor/6000.5.4f1/Editor/Data/Resources/UnitySubsystems
[Subsystems] Discovering subsystems at path C:/Users/gusbe/OneDrive/Pictures/CheckPoint/Mobile Game Dev/CheckPoint Mobile/Assets
Forcing GfxDevice: Direct3D 12
GfxDevice: creating device client; kGfxThreadingModeNonThreaded
d3d12: failed to query info queue interface (0x80004002).
Direct3D:
    Version:         Direct3D 12 [level 12.2]
    Renderer:        NVIDIA GeForce RTX 5070 (ID=0x2f04)
    Vendor:          NVIDIA
    VRAM:            11942 MB
    App VRAM Budget: 11174 MB
    Driver:          32.0.16.1074
Initialize mono
Mono path[0] = 'C:/Program Files/Unity/Hub/Editor/6000.5.4f1/Editor/Data/Managed'
Mono path[1] = 'C:/Program Files/Unity/Hub/Editor/6000.5.4f1/Editor/Data/BCLExtensions/runtime/netstandard2.1'
Mono path[2] = 'C:/Program Files/Unity/Hub/Editor/6000.5.4f1/Editor/Data/MonoBleedingEdge/lib/mono/unityjit-win32'
Mono config path = 'C:/Program Files/Unity/Hub/Editor/6000.5.4f1/Editor/Data/MonoBleedingEdge/etc'
Using monoOptions --debugger-agent=transport=dt_socket,embedding=1,server=y,suspend=n,address=127.0.0.1:56172
CodeReloadManager initialized
Begin MonoManager ReloadAssembly
Registering precompiled unity dll's ...
Register platform support module: C:/Program Files/Unity/Hub/Editor/6000.5.4f1/Editor/Data/PlaybackEngines/WebGLSupport/UnityEditor.WebGL.Extensions.dll
Register platform support module: C:/Program Files/Unity/Hub/Editor/6000.5.4f1/Editor/Data/PlaybackEngines/WindowsStandaloneSupport/UnityEditor.WindowsStandalone.Extensions.dll
[Licensing::Module] Licensing is not yet initialized.
[Licensing::Client] Error: HandshakeResponse reported an error:
	ResponseCode: 505
	ResponseStatus: Unsupported protocol version '1.18.1'.
[Licensing::Module] Error: Failed to handshake to channel: "LicenseClient-gusbe"
[Licensing::IpcConnector] LicenseClient-gusbe channel disconnected successfully.
[Licensing::IpcConnector] Successfully connected to: "LicenseClient-gusbe-6000.5.4" at "2026-09-24T21:38:01.9236582Z"
[Licensing::Client] Code 10 while verifying Licensing Client signature (process Id: 4868, path: "C:/Program Files/Unity/Hub/Editor/6000.5.4f1/Editor/Data/Resources/Licensing/Client/Unity.Licensing.Client.exe")
[Licensing::Module] LicensingClient has failed validation; ignoring
[Licensing::Client] Handshaking with LicensingClient:
  Version:                 1.18.1+9fbee8e
  Session Id:              7710f06ff6b8499684b1afd2762834b8
  Correlation Id:          1205b17024c49805dd4844b61d80d17a
  External correlation Id: 9186100038752659086
  Machine Id:              Nd32mCZu3EnAmBkiFmVgQffsD2s=
[Licensing::Module] Successfully connected to LicensingClient on channel: "LicenseClient-gusbe-6000.5.4" (connect: 0.00s, validation: 0.00s, handshake: 0.00s)
[Licensing::IpcConnector] Successfully connected to: "LicenseClient-gusbe-6000.5.4-notifications" at "2026-09-24T21:38:01.9296938Z"
[Licensing::Module] Licensing Background thread has ended after 0.82s
[Licensing::Module] Licensing is initialized (took 0.04s).
[Licensing::Client] Successfully resolved entitlement details
[Licensing::Module] License group:
  Id: 4674116344781-UnityPersXXXX
  Product: Unity Personal
  Type: Assigned
  Expiration: Unlimited
Register platform support module: C:/Program Files/Unity/Hub/Editor/6000.5.4f1/Editor/Data/PlaybackEngines/AndroidPlayer/UnityEditor.Android.Extensions.dll
Registered in 0.042618 seconds.
Native extension for Android target not found
Native extension for WindowsStandalone target not found
Native extension for WebGL target not found
Package Manager log level set to [2]
[Package Manager] Failed to launch server process. Reason: Unity was launched with the -noUpm command-line argument
[Package Manager] Unable to send message (not connected to server process).
[Package Manager] Cannot connect to Unity Package Manager local server
ScheduleIndexationOnStartup MainProcess:False IndexOnStartup:True
Mono: successfully reloaded assembly
- Finished resetting the current domain, in  0.359 seconds
Domain Reload Profiling: 832ms
	BeginReloadAssembly (101ms)
	RebuildCommonClasses (5ms)
	RebuildNativeTypeToScriptingClass (13ms)
	initialDomainReloadingComplete (97ms)
	LoadAllAssembliesAndSetupDomain (253ms)
		LoadAssemblies (99ms)
		AnalyzeDomain (182ms)
			TypeCache.Refresh (180ms)
				TypeCache.ScanAssembly (169ms)
	FinalizeReload (362ms)
		SetupLoadedEditorAssemblies (0ms)
			InitializePlatformSupportModulesInManaged (8ms)
			BeforeProcessingInitializeOnLoad (78ms)
			ProcessInitializeOnLoadAttributes (102ms)
			ProcessInitializeOnLoadMethodAttributes (108ms)
Initializing Unity extensions:
[Licensing::Client] Successfully resolved entitlement details
Curl error 3: URL rejected: Malformed input to a URL function
========================================================================
Worker process is ready to serve import requests
Import Worker Mode flag is 0x00
Begin MonoManager ReloadAssembly
Refreshing native plugins compatible for Editor in 3.12 ms, found 4 plugins.
Native extension for Android target not found
Native extension for WindowsStandalone target not found
Native extension for WebGL target not found
[Package Manager] Failed to launch server process. Reason: Unity was launched with the -noUpm command-line argument
[Package Manager] Unable to send message (not connected to server process).
[Package Manager] Cannot connect to Unity Package Manager local server
Refreshing native plugins compatible for Editor in 2.03 ms, found 4 plugins.
[Package Manager] Failed to launch server process. Reason: Unity was launched with the -noUpm command-line argument
[Package Manager] Unable to send message (not connected to server process).
[Package Manager] Cannot connect to Unity Package Manager local server
ScheduleIndexationOnStartup MainProcess:False IndexOnStartup:True
Mono: successfully reloaded assembly
- Finished resetting the current domain, in  0.714 seconds
Domain Reload Profiling: 1692ms
	BeginReloadAssembly (213ms)
		DisableScriptedObjects (5ms)
		CreateAndSetChildDomain (40ms)
	RebuildCommonClasses (8ms)
	RebuildNativeTypeToScriptingClass (19ms)
	initialDomainReloadingComplete (70ms)
	LoadAllAssembliesAndSetupDomain (668ms)
		LoadAssemblies (354ms)
		AnalyzeDomain (301ms)
			TypeCache.Refresh (201ms)
				TypeCache.ScanAssembly (181ms)
			BuildScriptInfoCaches (90ms)
			ResolveRequiredComponents (7ms)
	FinalizeReload (715ms)
		SetupLoadedEditorAssemblies (0ms)
			InitializePlatformSupportModulesInManaged (7ms)
			BeforeProcessingInitializeOnLoad (100ms)
			ProcessInitializeOnLoadAttributes (260ms)
			ProcessInitializeOnLoadMethodAttributes (99ms)
			AfterProcessingInitializeOnLoad (6ms)
AcceleratorClientConnectionCallback - disconnected - :0
Launched and connected shader compiler UnityShaderCompiler.exe after 0.01 seconds
Refreshing native plugins compatible for Editor in 3.56 ms, found 4 plugins.
Unloading 22 Unused Serialized files (Serialized files now loaded: 0)
Curl error 3: URL rejected: Malformed input to a URL function
Unloading 6432 unused Assets / (5.8 MB). Loaded Objects now: 7267.
Memory consumption went from 324.3 MB to 318.5 MB.
Total: 9.247100 ms (FindLiveObjects: 0.849700 ms CreateObjectMapping: 1.476700 ms MarkObjects: 4.997900 ms  DeleteObjects: 1.920900 ms)

========================================================================
Received Prepare
AcceleratorClientConnectionCallback - disconnected - :0
Refreshing native plugins compatible for Editor in 2.03 ms, found 4 plugins.
Unloading 22 Unused Serialized files (Serialized files now loaded: 0)
Unloading 22 unused Assets / (2.6 MB). Loaded Objects now: 7267.
Memory consumption went from 317.3 MB to 314.7 MB.
Total: 6.030600 ms (FindLiveObjects: 0.439300 ms CreateObjectMapping: 0.618500 ms MarkObjects: 4.561900 ms  DeleteObjects: 0.410300 ms)

Prepare: number of updated asset objects reloaded= 0
========================================================================
Received Prepare
AcceleratorClientConnectionCallback - disconnected - :0
[Licensing::Client] Successfully resolved entitlement details
Begin MonoManager ReloadAssembly
Refreshing native plugins compatible for Editor in 2.64 ms, found 4 plugins.
Native extension for Android target not found
Native extension for WindowsStandalone target not found
Native extension for WebGL target not found
[Package Manager] Failed to launch server process. Reason: Unity was launched with the -noUpm command-line argument
[Package Manager] Unable to send message (not connected to server process).
[Package Manager] Cannot connect to Unity Package Manager local server
[Package Manager] Failed to launch server process. Reason: Unity was launched with the -noUpm command-line argument
[Package Manager] Unable to send message (not connected to server process).
[Package Manager] Cannot connect to Unity Package Manager local server
ScheduleIndexationOnStartup MainProcess:False IndexOnStartup:True
Mono: successfully reloaded assembly
- Finished resetting the current domain, in  0.592 seconds
Domain Reload Profiling: 1161ms
	BeginReloadAssembly (177ms)
		DisableScriptedObjects (4ms)
		CreateAndSetChildDomain (40ms)
	RebuildCommonClasses (7ms)
	RebuildNativeTypeToScriptingClass (14ms)
	initialDomainReloadingComplete (52ms)
	LoadAllAssembliesAndSetupDomain (318ms)
		LoadAssemblies (284ms)
		AnalyzeDomain (15ms)
			TypeCache.Refresh (5ms)
			ResolveRequiredComponents (7ms)
	FinalizeReload (593ms)
		SetupLoadedEditorAssemblies (0ms)
			InitializePlatformSupportModulesInManaged (7ms)
			BeforeProcessingInitializeOnLoad (68ms)
			ProcessInitializeOnLoadAttributes (205ms)
			ProcessInitializeOnLoadMethodAttributes (83ms)
			AfterProcessingInitializeOnLoad (6ms)
		AwakeInstancesAfterBackupRestoration (12ms)
Unloading 22 Unused Serialized files (Serialized files now loaded: 0)
Unloading 6428 unused Assets / (5.5 MB). Loaded Objects now: 7313.
Memory consumption went from 329.6 MB to 324.0 MB.
Total: 8.143500 ms (FindLiveObjects: 0.735600 ms CreateObjectMapping: 1.431400 ms MarkObjects: 4.037700 ms  DeleteObjects: 1.938100 ms)

Prepare: number of updated asset objects reloaded= 0
========================================================================
Received Prepare
AcceleratorClientConnectionCallback - disconnected - :0
[Licensing::Client] Successfully resolved entitlement details
Begin MonoManager ReloadAssembly
Refreshing native plugins compatible for Editor in 2.66 ms, found 4 plugins.
Native extension for Android target not found
Native extension for WindowsStandalone target not found
Native extension for WebGL target not found
[Package Manager] Failed to launch server process. Reason: Unity was launched with the -noUpm command-line argument
[Package Manager] Unable to send message (not connected to server process).
[Package Manager] Cannot connect to Unity Package Manager local server
[Package Manager] Failed to launch server process. Reason: Unity was launched with the -noUpm command-line argument
[Package Manager] Unable to send message (not connected to server process).
[Package Manager] Cannot connect to Unity Package Manager local server
ScheduleIndexationOnStartup MainProcess:False IndexOnStartup:True
Mono: successfully reloaded assembly
- Finished resetting the current domain, in  0.815 seconds
Domain Reload Profiling: 1788ms
	BeginReloadAssembly (244ms)
		DisableScriptedObjects (8ms)
		CreateAndSetChildDomain (56ms)
	RebuildCommonClasses (8ms)
	RebuildNativeTypeToScriptingClass (18ms)
	initialDomainReloadingComplete (72ms)
	LoadAllAssembliesAndSetupDomain (629ms)
		LoadAssemblies (374ms)
		AnalyzeDomain (223ms)
			TypeCache.Refresh (7ms)
			BuildScriptInfoCaches (205ms)
			ResolveRequiredComponents (9ms)
	FinalizeReload (816ms)
		SetupLoadedEditorAssemblies (0ms)
			InitializePlatformSupportModulesInManaged (11ms)
			BeforeProcessingInitializeOnLoad (98ms)
			ProcessInitializeOnLoadAttributes (311ms)
			ProcessInitializeOnLoadMethodAttributes (125ms)
			AfterProcessingInitializeOnLoad (10ms)
		AwakeInstancesAfterBackupRestoration (26ms)
Refreshing native plugins compatible for Editor in 2.89 ms, found 4 plugins.
Unloading 22 Unused Serialized files (Serialized files now loaded: 0)
Unloading 6428 unused Assets / (6.2 MB). Loaded Objects now: 7316.
Memory consumption went from 339.2 MB to 333.0 MB.
Total: 13.139700 ms (FindLiveObjects: 1.140200 ms CreateObjectMapping: 2.569200 ms MarkObjects: 5.872500 ms  DeleteObjects: 3.557100 ms)

Prepare: number of updated asset objects reloaded= 0
========================================================================
Received Import Request.
  Time of request: 2026-09-24T22:08:43.1916512Z
  Time since last request: 31194.0844279999983 seconds.
  importAddress: GUID: 6e9918e8b7f48d24b806eb356c86fdd0 - Path: Assets/Scripts/ScoreManager.cs - Importer: PreviewImporter
Importing 'GUID: 6e9918e8b7f48d24b806eb356c86fdd0 - Path: Assets/Scripts/ScoreManager.cs - Importer: PreviewImporter' with importer (PreviewImporter)
Imported 'GUID: 6e9918e8b7f48d24b806eb356c86fdd0' -> (Import Result ID: '86b9004611a06c65863e799296ca90aa') in 0.005 seconds [static and dynamic dependencies]. Details - ImportResultOutputID=2129004ca972df2e98670613d0dd9203 DependenciesID=6680badb8d40d658dee1569a168a578f StaticDependenciesID=e3f5120ad31c7697a658edb47175002f 
Number of updated asset objects reloaded before import = 0
Number of asset objects unloaded after import = 0
========================================================================
Received Import Request.
  Time of request: 2026-09-24T22:09:04.2332252Z
  Time since last request: 21.0239865 seconds.
  importAddress: GUID: 6e9918e8b7f48d24b806eb356c86fdd0 - Path: Assets/Scripts/ScoreManager.cs - Importer: ScriptedImporter/UnityEditor.QuickSearchModule:UnityEditor.Search:ASIAI0B
Importing 'GUID: 6e9918e8b7f48d24b806eb356c86fdd0 - Path: Assets/Scripts/ScoreManager.cs - Importer: ScriptedImporter/UnityEditor.QuickSearchModule:UnityEditor.Search:ASIAI0B' with importer (ScriptedImporter : UnityEditor.QuickSearchModule:UnityEditor.Search:ASIAI0B)
Imported 'GUID: 6e9918e8b7f48d24b806eb356c86fdd0' -> (Import Result ID: 'c59b4e2e2d541362aa15f9cf78910367') in 0.072 seconds [static and dynamic dependencies]. Details - ImportResultOutputID=3d3ee809656b3bb457b2b9c24d97a24b DependenciesID=6ff129012d52d885e27f69f70e4d03fb StaticDependenciesID=e3bd8cda1cf2184993279b38205db8bd 
Number of updated asset objects reloaded before import = 0
Number of asset objects unloaded after import = 0
========================================================================
Received Prepare
AcceleratorClientConnectionCallback - disconnected - :0
Refreshing native plugins compatible for Editor in 2.24 ms, found 4 plugins.
Unloading 22 Unused Serialized files (Serialized files now loaded: 0)
Unloading 6418 unused Assets / (5.2 MB). Loaded Objects now: 7319.
Memory consumption went from 337.5 MB to 332.2 MB.
Total: 9.451700 ms (FindLiveObjects: 0.762100 ms CreateObjectMapping: 1.479400 ms MarkObjects: 5.066700 ms  DeleteObjects: 2.143000 ms)

Prepare: number of updated asset objects reloaded= 0
========================================================================
Received Import Request.
  Time of request: 2026-09-24T22:09:05.83082Z
  Time since last request: 1.5173197 seconds.
  importAddress: GUID: 5f566c0c2efa9ac499e5d87fab05d461 - Path: Assets/Scripts/WinText.cs - Importer: PreviewImporter
Importing 'GUID: 5f566c0c2efa9ac499e5d87fab05d461 - Path: Assets/Scripts/WinText.cs - Importer: PreviewImporter' with importer (PreviewImporter)
Imported 'GUID: 5f566c0c2efa9ac499e5d87fab05d461' -> (Import Result ID: '57d8217366b3a155d639d4192bb58fab') in 0.001 seconds [static and dynamic dependencies]. Details - ImportResultOutputID=fb1296d4fecde25dd7c8e45884d1fd1d DependenciesID=52bd1e4626955c0787ec6865f6512cda StaticDependenciesID=7724a6b8836e7008c8ce6e2517dcbc60 
Number of updated asset objects reloaded before import = 0
Number of asset objects unloaded after import = 0
========================================================================
Received Import Request.
  Time of request: 2026-09-24T22:09:06.3969745Z
  Time since last request: 0.5570363 seconds.
  importAddress: GUID: 5f566c0c2efa9ac499e5d87fab05d461 - Path: Assets/Scripts/WinText.cs - Importer: ScriptedImporter/UnityEditor.QuickSearchModule:UnityEditor.Search:ASIAI0B
Importing 'GUID: 5f566c0c2efa9ac499e5d87fab05d461 - Path: Assets/Scripts/WinText.cs - Importer: ScriptedImporter/UnityEditor.QuickSearchModule:UnityEditor.Search:ASIAI0B' with importer (ScriptedImporter : UnityEditor.QuickSearchModule:UnityEditor.Search:ASIAI0B)
Imported 'GUID: 5f566c0c2efa9ac499e5d87fab05d461' -> (Import Result ID: 'cc46a05a25bde1050efda72c1dc92906') in 0.005 seconds [static and dynamic dependencies]. Details - ImportResultOutputID=a887521f2b927d433f8bc15e19565c31 DependenciesID=2844223f2bacef043aca582b877455fc StaticDependenciesID=47f27b41eb45834e134ebaf78c87b528 
Number of updated asset objects reloaded before import = 0
Number of asset objects unloaded after import = 0
========================================================================
Received Prepare
AcceleratorClientConnectionCallback - disconnected - :0
Begin MonoManager ReloadAssembly
Native extension for Android target not found
Native extension for WindowsStandalone target not found
Native extension for WebGL target not found
[Package Manager] Failed to launch server process. Reason: Unity was launched with the -noUpm command-line argument
[Package Manager] Unable to send message (not connected to server process).
[Package Manager] Cannot connect to Unity Package Manager local server
[Package Manager] Failed to launch server process. Reason: Unity was launched with the -noUpm command-line argument
[Package Manager] Unable to send message (not connected to server process).
[Package Manager] Cannot connect to Unity Package Manager local server
ScheduleIndexationOnStartup MainProcess:False IndexOnStartup:True
Mono: successfully reloaded assembly
- Finished resetting the current domain, in  0.550 seconds
Domain Reload Profiling: 1288ms
	BeginReloadAssembly (193ms)
		DisableScriptedObjects (7ms)
		CreateAndSetChildDomain (45ms)
	RebuildCommonClasses (7ms)
	RebuildNativeTypeToScriptingClass (15ms)
	initialDomainReloadingComplete (56ms)
	LoadAllAssembliesAndSetupDomain (466ms)
		LoadAssemblies (285ms)
		AnalyzeDomain (162ms)
			TypeCache.Refresh (8ms)
			BuildScriptInfoCaches (146ms)
			ResolveRequiredComponents (7ms)
	FinalizeReload (551ms)
		SetupLoadedEditorAssemblies (0ms)
			InitializePlatformSupportModulesInManaged (9ms)
			BeforeProcessingInitializeOnLoad (70ms)
			ProcessInitializeOnLoadAttributes (211ms)
			ProcessInitializeOnLoadMethodAttributes (86ms)
			AfterProcessingInitializeOnLoad (6ms)
		AwakeInstancesAfterBackupRestoration (16ms)
Unloading 22 Unused Serialized files (Serialized files now loaded: 0)
Unloading 6429 unused Assets / (5.5 MB). Loaded Objects now: 7322.
Memory consumption went from 339.3 MB to 333.8 MB.
Total: 8.236200 ms (FindLiveObjects: 0.702700 ms CreateObjectMapping: 1.406000 ms MarkObjects: 4.194800 ms  DeleteObjects: 1.932000 ms)

Prepare: number of updated asset objects reloaded= 0
========================================================================
Received Import Request.
  Time of request: 2026-09-24T22:09:12.296988Z
  Time since last request: 5.8834254 seconds.
  importAddress: GUID: 5f566c0c2efa9ac499e5d87fab05d461 - Path: Assets/Scripts/WinText.cs - Importer: PreviewImporter
Importing 'GUID: 5f566c0c2efa9ac499e5d87fab05d461 - Path: Assets/Scripts/WinText.cs - Importer: PreviewImporter' with importer (PreviewImporter)
Imported 'GUID: 5f566c0c2efa9ac499e5d87fab05d461' -> (Import Result ID: '9ce7ed5b4c861a1885f28f92bf39961e') in 0.002 seconds [static and dynamic dependencies]. Details - ImportResultOutputID=fb1296d4fecde25dd7c8e45884d1fd1d DependenciesID=5f5c48db47fce100be1911848d92cef3 StaticDependenciesID=7724a6b8836e7008c8ce6e2517dcbc60 
Number of updated asset objects reloaded before import = 0
Number of asset objects unloaded after import = 0
========================================================================
Received Prepare
AcceleratorClientConnectionCallback - disconnected - :0
Refreshing native plugins compatible for Editor in 2.07 ms, found 4 plugins.
Unloading 22 Unused Serialized files (Serialized files now loaded: 0)
Unloading 6417 unused Assets / (4.6 MB). Loaded Objects now: 7321.
Memory consumption went from 341.7 MB to 337.1 MB.
Total: 9.717800 ms (FindLiveObjects: 0.742900 ms CreateObjectMapping: 1.600800 ms MarkObjects: 5.319900 ms  DeleteObjects: 2.053600 ms)

Prepare: number of updated asset objects reloaded= 0
========================================================================
Received Prepare
AcceleratorClientConnectionCallback - disconnected - :0
Begin MonoManager ReloadAssembly
Native extension for Android target not found
Native extension for WindowsStandalone target not found
Native extension for WebGL target not found
[Package Manager] Failed to launch server process. Reason: Unity was launched with the -noUpm command-line argument
[Package Manager] Unable to send message (not connected to server process).
[Package Manager] Cannot connect to Unity Package Manager local server
[Package Manager] Failed to launch server process. Reason: Unity was launched with the -noUpm command-line argument
[Package Manager] Unable to send message (not connected to server process).
[Package Manager] Cannot connect to Unity Package Manager local server
ScheduleIndexationOnStartup MainProcess:False IndexOnStartup:True
Mono: successfully reloaded assembly
- Finished resetting the current domain, in  0.587 seconds
Domain Reload Profiling: 1345ms
	BeginReloadAssembly (176ms)
		DisableScriptedObjects (4ms)
		CreateAndSetChildDomain (45ms)
	RebuildCommonClasses (7ms)
	RebuildNativeTypeToScriptingClass (14ms)
	initialDomainReloadingComplete (57ms)
	LoadAllAssembliesAndSetupDomain (503ms)
		LoadAssemblies (294ms)
		AnalyzeDomain (176ms)
			TypeCache.Refresh (11ms)
			BuildScriptInfoCaches (157ms)
			ResolveRequiredComponents (6ms)
	FinalizeReload (587ms)
		SetupLoadedEditorAssemblies (0ms)
			InitializePlatformSupportModulesInManaged (10ms)
			BeforeProcessingInitializeOnLoad (84ms)
			ProcessInitializeOnLoadAttributes (223ms)
			ProcessInitializeOnLoadMethodAttributes (93ms)
			AfterProcessingInitializeOnLoad (6ms)
		AwakeInstancesAfterBackupRestoration (16ms)
Unloading 22 Unused Serialized files (Serialized files now loaded: 0)
Unloading 6428 unused Assets / (5.2 MB). Loaded Objects now: 7324.
Memory consumption went from 346.8 MB to 341.6 MB.
Total: 8.472000 ms (FindLiveObjects: 0.713800 ms CreateObjectMapping: 1.511700 ms MarkObjects: 4.124900 ms  DeleteObjects: 2.121100 ms)

Prepare: number of updated asset objects reloaded= 0
========================================================================
Received Prepare
AcceleratorClientConnectionCallback - disconnected - :0
[Licensing::Client] Successfully resolved entitlement details
Begin MonoManager ReloadAssembly
Refreshing native plugins compatible for Editor in 2.36 ms, found 4 plugins.
Native extension for Android target not found
Native extension for WindowsStandalone target not found
Native extension for WebGL target not found
[Package Manager] Failed to launch server process. Reason: Unity was launched with the -noUpm command-line argument
[Package Manager] Unable to send message (not connected to server process).
[Package Manager] Cannot connect to Unity Package Manager local server
[Package Manager] Failed to launch server process. Reason: Unity was launched with the -noUpm command-line argument
[Package Manager] Unable to send message (not connected to server process).
[Package Manager] Cannot connect to Unity Package Manager local server
ScheduleIndexationOnStartup MainProcess:False IndexOnStartup:True
Mono: successfully reloaded assembly
- Finished resetting the current domain, in  0.596 seconds
Domain Reload Profiling: 1317ms
	BeginReloadAssembly (183ms)
		DisableScriptedObjects (4ms)
		CreateAndSetChildDomain (42ms)
	RebuildCommonClasses (9ms)
	RebuildNativeTypeToScriptingClass (16ms)
	initialDomainReloadingComplete (52ms)
	LoadAllAssembliesAndSetupDomain (462ms)
		LoadAssemblies (278ms)
		AnalyzeDomain (166ms)
			TypeCache.Refresh (8ms)
			BuildScriptInfoCaches (148ms)
			ResolveRequiredComponents (8ms)
	FinalizeReload (596ms)
		SetupLoadedEditorAssemblies (0ms)
			InitializePlatformSupportModulesInManaged (10ms)
			BeforeProcessingInitializeOnLoad (78ms)
			ProcessInitializeOnLoadAttributes (226ms)
			ProcessInitializeOnLoadMethodAttributes (87ms)
			AfterProcessingInitializeOnLoad (6ms)
		AwakeInstancesAfterBackupRestoration (16ms)
Unloading 22 Unused Serialized files (Serialized files now loaded: 0)
Unloading 6428 unused Assets / (5.5 MB). Loaded Objects now: 7327.
Memory consumption went from 351.6 MB to 346.1 MB.
Total: 9.972400 ms (FindLiveObjects: 0.862100 ms CreateObjectMapping: 2.162200 ms MarkObjects: 4.528000 ms  DeleteObjects: 2.419400 ms)

Prepare: number of updated asset objects reloaded= 0
========================================================================
Received Prepare
AcceleratorClientConnectionCallback - disconnected - :0
[Licensing::Client] Successfully resolved entitlement details
Begin MonoManager ReloadAssembly
Native extension for Android target not found
Native extension for WindowsStandalone target not found
Native extension for WebGL target not found
[Package Manager] Failed to launch server process. Reason: Unity was launched with the -noUpm command-line argument
[Package Manager] Unable to send message (not connected to server process).
[Package Manager] Cannot connect to Unity Package Manager local server
[Package Manager] Failed to launch server process. Reason: Unity was launched with the -noUpm command-line argument
[Package Manager] Unable to send message (not connected to server process).
[Package Manager] Cannot connect to Unity Package Manager local server
ScheduleIndexationOnStartup MainProcess:False IndexOnStartup:True
Mono: successfully reloaded assembly
- Finished resetting the current domain, in  0.588 seconds
Domain Reload Profiling: 1192ms
	BeginReloadAssembly (193ms)
		DisableScriptedObjects (5ms)
		CreateAndSetChildDomain (46ms)
	RebuildCommonClasses (8ms)
	RebuildNativeTypeToScriptingClass (14ms)
	initialDomainReloadingComplete (60ms)
	LoadAllAssembliesAndSetupDomain (327ms)
		LoadAssemblies (284ms)
		AnalyzeDomain (17ms)
			TypeCache.Refresh (6ms)
			ResolveRequiredComponents (7ms)
	FinalizeReload (590ms)
		SetupLoadedEditorAssemblies (0ms)
			InitializePlatformSupportModulesInManaged (8ms)
			BeforeProcessingInitializeOnLoad (77ms)
			ProcessInitializeOnLoadAttributes (215ms)
			ProcessInitializeOnLoadMethodAttributes (107ms)
			AfterProcessingInitializeOnLoad (8ms)
		AwakeInstancesAfterBackupRestoration (19ms)
Refreshing native plugins compatible for Editor in 2.41 ms, found 4 plugins.
Unloading 22 Unused Serialized files (Serialized files now loaded: 0)
Unloading 6428 unused Assets / (5.6 MB). Loaded Objects now: 7330.
Memory consumption went from 354.3 MB to 348.7 MB.
Total: 11.625000 ms (FindLiveObjects: 1.094500 ms CreateObjectMapping: 2.296900 ms MarkObjects: 5.846000 ms  DeleteObjects: 2.387100 ms)

Prepare: number of updated asset objects reloaded= 0
========================================================================
Received Prepare
AcceleratorClientConnectionCallback - disconnected - :0
Begin MonoManager ReloadAssembly
Native extension for Android target not found
Native extension for WindowsStandalone target not found
Native extension for WebGL target not found
[Package Manager] Failed to launch server process. Reason: Unity was launched with the -noUpm command-line argument
[Package Manager] Unable to send message (not connected to server process).
[Package Manager] Cannot connect to Unity Package Manager local server
[Package Manager] Failed to launch server process. Reason: Unity was launched with the -noUpm command-line argument
[Package Manager] Unable to send message (not connected to server process).
[Package Manager] Cannot connect to Unity Package Manager local server
ScheduleIndexationOnStartup MainProcess:False IndexOnStartup:True
Mono: successfully reloaded assembly
- Finished resetting the current domain, in  0.565 seconds
Domain Reload Profiling: 1139ms
	BeginReloadAssembly (179ms)
		DisableScriptedObjects (4ms)
		CreateAndSetChildDomain (47ms)
	RebuildCommonClasses (8ms)
	RebuildNativeTypeToScriptingClass (13ms)
	initialDomainReloadingComplete (54ms)
	LoadAllAssembliesAndSetupDomain (320ms)
		LoadAssemblies (277ms)
		AnalyzeDomain (17ms)
			TypeCache.Refresh (6ms)
			ResolveRequiredComponents (7ms)
	FinalizeReload (565ms)
		SetupLoadedEditorAssemblies (0ms)
			InitializePlatformSupportModulesInManaged (7ms)
			BeforeProcessingInitializeOnLoad (68ms)
			ProcessInitializeOnLoadAttributes (211ms)
			ProcessInitializeOnLoadMethodAttributes (92ms)
			AfterProcessingInitializeOnLoad (6ms)
		AwakeInstancesAfterBackupRestoration (20ms)
Refreshing native plugins compatible for Editor in 2.17 ms, found 4 plugins.
Unloading 22 Unused Serialized files (Serialized files now loaded: 0)
Unloading 6428 unused Assets / (5.7 MB). Loaded Objects now: 7333.
Memory consumption went from 356.6 MB to 350.9 MB.
Total: 11.185900 ms (FindLiveObjects: 1.193300 ms CreateObjectMapping: 1.840900 ms MarkObjects: 5.191100 ms  DeleteObjects: 2.959900 ms)

Prepare: number of updated asset objects reloaded= 0
========================================================================
Received Prepare
AcceleratorClientConnectionCallback - disconnected - :0
Begin MonoManager ReloadAssembly
Native extension for Android target not found
Native extension for WindowsStandalone target not found
Native extension for WebGL target not found
[Package Manager] Failed to launch server process. Reason: Unity was launched with the -noUpm command-line argument
[Package Manager] Unable to send message (not connected to server process).
[Package Manager] Cannot connect to Unity Package Manager local server
[Package Manager] Failed to launch server process. Reason: Unity was launched with the -noUpm command-line argument
[Package Manager] Unable to send message (not connected to server process).
[Package Manager] Cannot connect to Unity Package Manager local server
ScheduleIndexationOnStartup MainProcess:False IndexOnStartup:True
Mono: successfully reloaded assembly
- Finished resetting the current domain, in  0.582 seconds
Domain Reload Profiling: 1336ms
	BeginReloadAssembly (195ms)
		DisableScriptedObjects (6ms)
		CreateAndSetChildDomain (49ms)
	RebuildCommonClasses (9ms)
	RebuildNativeTypeToScriptingClass (14ms)
	initialDomainReloadingComplete (53ms)
	LoadAllAssembliesAndSetupDomain (483ms)
		LoadAssemblies (287ms)
		AnalyzeDomain (174ms)
			TypeCache.Refresh (9ms)
			BuildScriptInfoCaches (157ms)
			ResolveRequiredComponents (6ms)
	FinalizeReload (583ms)
		SetupLoadedEditorAssemblies (0ms)
			InitializePlatformSupportModulesInManaged (9ms)
			BeforeProcessingInitializeOnLoad (78ms)
			ProcessInitializeOnLoadAttributes (213ms)
			ProcessInitializeOnLoadMethodAttributes (87ms)
			AfterProcessingInitializeOnLoad (6ms)
		AwakeInstancesAfterBackupRestoration (16ms)
Unloading 22 Unused Serialized files (Serialized files now loaded: 0)
Unloading 6428 unused Assets / (5.1 MB). Loaded Objects now: 7336.
Memory consumption went from 366.4 MB to 361.2 MB.
Total: 8.539700 ms (FindLiveObjects: 1.075300 ms CreateObjectMapping: 1.549700 ms MarkObjects: 4.303000 ms  DeleteObjects: 1.611100 ms)

Prepare: number of updated asset objects reloaded= 0
========================================================================
Received Prepare
AcceleratorClientConnectionCallback - disconnected - :0
[Licensing::Client] Successfully resolved entitlement details
Begin MonoManager ReloadAssembly
Native extension for Android target not found
Native extension for WindowsStandalone target not found
Native extension for WebGL target not found
[Package Manager] Failed to launch server process. Reason: Unity was launched with the -noUpm command-line argument
[Package Manager] Unable to send message (not connected to server process).
[Package Manager] Cannot connect to Unity Package Manager local server
[Package Manager] Failed to launch server process. Reason: Unity was launched with the -noUpm command-line argument
[Package Manager] Unable to send message (not connected to server process).
[Package Manager] Cannot connect to Unity Package Manager local server
ScheduleIndexationOnStartup MainProcess:False IndexOnStartup:True
Mono: successfully reloaded assembly
- Finished resetting the current domain, in  0.604 seconds
Domain Reload Profiling: 1182ms
	BeginReloadAssembly (188ms)
		DisableScriptedObjects (5ms)
		CreateAndSetChildDomain (48ms)
	RebuildCommonClasses (8ms)
	RebuildNativeTypeToScriptingClass (15ms)
	initialDomainReloadingComplete (52ms)
	LoadAllAssembliesAndSetupDomain (316ms)
		LoadAssemblies (275ms)
		AnalyzeDomain (17ms)
			TypeCache.Refresh (7ms)
			ResolveRequiredComponents (7ms)
	FinalizeReload (605ms)
		SetupLoadedEditorAssemblies (0ms)
			InitializePlatformSupportModulesInManaged (8ms)
			BeforeProcessingInitializeOnLoad (72ms)
			ProcessInitializeOnLoadAttributes (225ms)
			ProcessInitializeOnLoadMethodAttributes (108ms)
			AfterProcessingInitializeOnLoad (7ms)
		AwakeInstancesAfterBackupRestoration (19ms)
Refreshing native plugins compatible for Editor in 2.20 ms, found 4 plugins.
Unloading 22 Unused Serialized files (Serialized files now loaded: 0)
Unloading 6428 unused Assets / (5.9 MB). Loaded Objects now: 7339.
Memory consumption went from 367.0 MB to 361.2 MB.
Total: 11.569900 ms (FindLiveObjects: 1.290200 ms CreateObjectMapping: 2.472800 ms MarkObjects: 5.319200 ms  DeleteObjects: 2.487000 ms)

Prepare: number of updated asset objects reloaded= 0
========================================================================
Received Prepare
AcceleratorClientConnectionCallback - disconnected - :0
Begin MonoManager ReloadAssembly
Native extension for Android target not found
Native extension for WindowsStandalone target not found
Native extension for WebGL target not found
[Package Manager] Failed to launch server process. Reason: Unity was launched with the -noUpm command-line argument
[Package Manager] Unable to send message (not connected to server process).
[Package Manager] Cannot connect to Unity Package Manager local server
[Package Manager] Failed to launch server process. Reason: Unity was launched with the -noUpm command-line argument
[Package Manager] Unable to send message (not connected to server process).
[Package Manager] Cannot connect to Unity Package Manager local server
ScheduleIndexationOnStartup MainProcess:False IndexOnStartup:True
Mono: successfully reloaded assembly
- Finished resetting the current domain, in  0.561 seconds
Domain Reload Profiling: 1149ms
	BeginReloadAssembly (193ms)
		DisableScriptedObjects (4ms)
		CreateAndSetChildDomain (52ms)
	RebuildCommonClasses (8ms)
	RebuildNativeTypeToScriptingClass (13ms)
	initialDomainReloadingComplete (53ms)
	LoadAllAssembliesAndSetupDomain (320ms)
		LoadAssemblies (287ms)
		AnalyzeDomain (18ms)
			TypeCache.Refresh (7ms)
			ResolveRequiredComponents (7ms)
	FinalizeReload (562ms)
		SetupLoadedEditorAssemblies (0ms)
			InitializePlatformSupportModulesInManaged (8ms)
			BeforeProcessingInitializeOnLoad (70ms)
			ProcessInitializeOnLoadAttributes (211ms)
			ProcessInitializeOnLoadMethodAttributes (94ms)
			AfterProcessingInitializeOnLoad (6ms)
		AwakeInstancesAfterBackupRestoration (18ms)
Refreshing native plugins compatible for Editor in 2.94 ms, found 4 plugins.
Unloading 22 Unused Serialized files (Serialized files now loaded: 0)
Unloading 6428 unused Assets / (5.6 MB). Loaded Objects now: 7342.
Memory consumption went from 369.3 MB to 363.7 MB.
Total: 9.416000 ms (FindLiveObjects: 0.783700 ms CreateObjectMapping: 2.168200 ms MarkObjects: 4.317600 ms  DeleteObjects: 2.146000 ms)

Prepare: number of updated asset objects reloaded= 0
========================================================================
Received Import Request.
  Time of request: 2026-09-24T22:24:10.0295607Z
  Time since last request: 897.72158530000002 seconds.
  importAddress: GUID: 6e9918e8b7f48d24b806eb356c86fdd0 - Path: Assets/Scripts/ScoreManager.cs - Importer: ScriptedImporter/UnityEditor.QuickSearchModule:UnityEditor.Search:ASIAI0B
Importing 'GUID: 6e9918e8b7f48d24b806eb356c86fdd0 - Path: Assets/Scripts/ScoreManager.cs - Importer: ScriptedImporter/UnityEditor.QuickSearchModule:UnityEditor.Search:ASIAI0B' with importer (ScriptedImporter : UnityEditor.QuickSearchModule:UnityEditor.Search:ASIAI0B)
Imported 'GUID: 6e9918e8b7f48d24b806eb356c86fdd0' -> (Import Result ID: 'a3b6275b2b2299f9c530502f493d9c72') in 0.062 seconds [static and dynamic dependencies]. Details - ImportResultOutputID=8bffed93f69237533a9b2c2537e3c856 DependenciesID=03231b71016aba7e8180b141ba2d7bae StaticDependenciesID=2af50ff4548720559aaf3134e7a9ebcd 
Number of updated asset objects reloaded before import = 0
Number of asset objects unloaded after import = 0
========================================================================
Received Prepare
AcceleratorClientConnectionCallback - disconnected - :0
Refreshing native plugins compatible for Editor in 2.03 ms, found 4 plugins.
Unloading 22 Unused Serialized files (Serialized files now loaded: 0)
Unloading 23 unused Assets / (2.6 MB). Loaded Objects now: 7342.
Memory consumption went from 365.0 MB to 362.4 MB.
Total: 5.793600 ms (FindLiveObjects: 0.453000 ms CreateObjectMapping: 0.616200 ms MarkObjects: 4.282800 ms  DeleteObjects: 0.441200 ms)

Prepare: number of updated asset objects reloaded= 1
========================================================================
Received Import Request.
  Time of request: 2026-09-24T22:24:15.0974139Z
  Time since last request: 4.9952085 seconds.
  importAddress: GUID: 99c9720ab356a0642a771bea13969a05 - Path: Assets/Scenes/SampleScene.unity - Importer: ScriptedImporter/UnityEditor.QuickSearchModule:UnityEditor.Search:ASIAI0B
Importing 'GUID: 99c9720ab356a0642a771bea13969a05 - Path: Assets/Scenes/SampleScene.unity - Importer: ScriptedImporter/UnityEditor.QuickSearchModule:UnityEditor.Search:ASIAI0B' with importer (ScriptedImporter : UnityEditor.QuickSearchModule:UnityEditor.Search:ASIAI0B)
Imported 'GUID: 99c9720ab356a0642a771bea13969a05' -> (Import Result ID: 'd1398062c5340020be43d188f71ea55a') in 0.014 seconds [static and dynamic dependencies]. Details - ImportResultOutputID=575890107a9698a35d3b3b4f076025fc DependenciesID=614f0f6946a1a3d6616e9f98db27fff9 StaticDependenciesID=742b2269256c952fde10669d0442b0a3 
Number of updated asset objects reloaded before import = 0
Number of asset objects unloaded after import = 1
========================================================================
Received Import Request.
  Time of request: 2026-09-24T22:25:16.4950332Z
  Time since last request: 61.3751062 seconds.
  importAddress: GUID: 803823e2e79ce3d4eb71b432ee3c8276 - Path: Assets/Materials/Wall.mat - Importer: PreviewImporter
Importing 'GUID: 803823e2e79ce3d4eb71b432ee3c8276 - Path: Assets/Materials/Wall.mat - Importer: PreviewImporter' with importer (PreviewImporter)
Imported 'GUID: 803823e2e79ce3d4eb71b432ee3c8276' -> (Import Result ID: 'cb17978601912eb40ee549d3429c2b65') in 0.327 seconds [static and dynamic dependencies]. Details - ImportResultOutputID=2b420e66ed33788a64373a40326616b2 DependenciesID=5abc676fa4716115cc12c1664b3e0155 StaticDependenciesID=366f1eb04554b44cf4ae67f304962ecd 
Number of updated asset objects reloaded before import = 0
Number of asset objects unloaded after import = 3
========================================================================
Received Import Request.
  Time of request: 2026-09-24T22:25:17.4798748Z
  Time since last request: 0.6469603 seconds.
  importAddress: GUID: 803823e2e79ce3d4eb71b432ee3c8276 - Path: Assets/Materials/Wall.mat - Importer: ScriptedImporter/UnityEditor.QuickSearchModule:UnityEditor.Search:ASIAI0B
Importing 'GUID: 803823e2e79ce3d4eb71b432ee3c8276 - Path: Assets/Materials/Wall.mat - Importer: ScriptedImporter/UnityEditor.QuickSearchModule:UnityEditor.Search:ASIAI0B' with importer (ScriptedImporter : UnityEditor.QuickSearchModule:UnityEditor.Search:ASIAI0B)
Imported 'GUID: 803823e2e79ce3d4eb71b432ee3c8276' -> (Import Result ID: '2544065875e3b415e365ea033be310a4') in 0.011 seconds [static and dynamic dependencies]. Details - ImportResultOutputID=85bd18dd9a94fd0e9e4ffca0b489efeb DependenciesID=41cbcadfa00dcab3417bf65cc3786df0 StaticDependenciesID=a7d382ea5468160c47cc00a5daf49e1f 
Number of updated asset objects reloaded before import = 0
Number of asset objects unloaded after import = 2
========================================================================
Received Prepare
AcceleratorClientConnectionCallback - disconnected - :0
[Licensing::Client] Successfully resolved entitlement details
Begin MonoManager ReloadAssembly
Native extension for Android target not found
Native extension for WindowsStandalone target not found
Native extension for WebGL target not found
[Package Manager] Failed to launch server process. Reason: Unity was launched with the -noUpm command-line argument
[Package Manager] Unable to send message (not connected to server process).
[Package Manager] Cannot connect to Unity Package Manager local server
[Package Manager] Failed to launch server process. Reason: Unity was launched with the -noUpm command-line argument
[Package Manager] Unable to send message (not connected to server process).
[Package Manager] Cannot connect to Unity Package Manager local server
ScheduleIndexationOnStartup MainProcess:False IndexOnStartup:True
Mono: successfully reloaded assembly
- Finished resetting the current domain, in  0.603 seconds
Domain Reload Profiling: 1174ms
	BeginReloadAssembly (196ms)
		DisableScriptedObjects (15ms)
		CreateAndSetChildDomain (53ms)
	RebuildCommonClasses (9ms)
	RebuildNativeTypeToScriptingClass (14ms)
	initialDomainReloadingComplete (51ms)
	LoadAllAssembliesAndSetupDomain (301ms)
		LoadAssemblies (264ms)
		AnalyzeDomain (16ms)
			TypeCache.Refresh (6ms)
			ResolveRequiredComponents (6ms)
	FinalizeReload (605ms)
		SetupLoadedEditorAssemblies (0ms)
			InitializePlatformSupportModulesInManaged (7ms)
			BeforeProcessingInitializeOnLoad (71ms)
			ProcessInitializeOnLoadAttributes (231ms)
			ProcessInitializeOnLoadMethodAttributes (101ms)
			AfterProcessingInitializeOnLoad (7ms)
		AwakeInstancesAfterBackupRestoration (20ms)
Refreshing native plugins compatible for Editor in 2.41 ms, found 4 plugins.
Unloading 22 Unused Serialized files (Serialized files now loaded: 0)
Unloading 6428 unused Assets / (6.2 MB). Loaded Objects now: 7408.
Memory consumption went from 365.2 MB to 358.9 MB.
Total: 12.618100 ms (FindLiveObjects: 1.303600 ms CreateObjectMapping: 2.737100 ms MarkObjects: 5.380800 ms  DeleteObjects: 3.196100 ms)

Prepare: number of updated asset objects reloaded= 0
========================================================================
Received Prepare
AcceleratorClientConnectionCallback - disconnected - :0
Unloading 22 Unused Serialized files (Serialized files now loaded: 0)
Unloading 22 unused Assets / (2.6 MB). Loaded Objects now: 7408.
Memory consumption went from 362.6 MB to 360.0 MB.
Total: 6.883300 ms (FindLiveObjects: 0.546000 ms CreateObjectMapping: 0.618900 ms MarkObjects: 5.231000 ms  DeleteObjects: 0.486800 ms)

Prepare: number of updated asset objects reloaded= 0
========================================================================
Received Import Request.
  Time of request: 2026-09-24T22:27:34.1062533Z
  Time since last request: 136.6066716 seconds.
  importAddress: GUID: 803823e2e79ce3d4eb71b432ee3c8276 - Path: Assets/Materials/Wall.mat - Importer: PreviewImporter
Importing 'GUID: 803823e2e79ce3d4eb71b432ee3c8276 - Path: Assets/Materials/Wall.mat - Importer: PreviewImporter' with importer (PreviewImporter)
Imported 'GUID: 803823e2e79ce3d4eb71b432ee3c8276' -> (Import Result ID: '0c2f2c5b0d7ac8798707832e7879b3ad') in 0.309 seconds [static and dynamic dependencies]. Details - ImportResultOutputID=018fee593d8bd8616ac90c8c8839ef44 DependenciesID=cf52979525994f0a27ff5d769035ec33 StaticDependenciesID=e28e7c5509fe1696dd1b21d01f85d4ba 
Number of updated asset objects reloaded before import = 0
Number of asset objects unloaded after import = 2
========================================================================
Received Import Request.
  Time of request: 2026-09-24T22:27:35.0077774Z
  Time since last request: 0.582383 seconds.
  importAddress: GUID: 99ac8f144333db04f8431c918975fbca - Path: Assets/Materials/gun.mat - Importer: ScriptedImporter/UnityEditor.QuickSearchModule:UnityEditor.Search:ASIAI0B
Importing 'GUID: 99ac8f144333db04f8431c918975fbca - Path: Assets/Materials/gun.mat - Importer: ScriptedImporter/UnityEditor.QuickSearchModule:UnityEditor.Search:ASIAI0B' with importer (ScriptedImporter : UnityEditor.QuickSearchModule:UnityEditor.Search:ASIAI0B)
Imported 'GUID: 99ac8f144333db04f8431c918975fbca' -> (Import Result ID: '86b2ac719333d378d0b52477fb248dc9') in 0.057 seconds [static and dynamic dependencies]. Details - ImportResultOutputID=2e9d44abcec28beb5188b4467b955718 DependenciesID=41f21ddcd4ed19262c21544f938f0273 StaticDependenciesID=761e9ac1aa0397f422dd4eaf584f0be0 
Number of updated asset objects reloaded before import = 0
Number of asset objects unloaded after import = 2
========================================================================
Received Prepare
AcceleratorClientConnectionCallback - disconnected - :0
Unloading 22 Unused Serialized files (Serialized files now loaded: 0)
Unloading 22 unused Assets / (2.6 MB). Loaded Objects now: 7519.
Memory consumption went from 370.5 MB to 367.9 MB.
Total: 7.186100 ms (FindLiveObjects: 0.491500 ms CreateObjectMapping: 0.659000 ms MarkObjects: 5.488500 ms  DeleteObjects: 0.546500 ms)

Prepare: number of updated asset objects reloaded= 0
========================================================================
Received Import Request.
  Time of request: 2026-09-24T22:31:49.3872257Z
  Time since last request: 254.31456370000001 seconds.
  importAddress: GUID: 99ac8f144333db04f8431c918975fbca - Path: Assets/Materials/gun.mat - Importer: PreviewImporter
Importing 'GUID: 99ac8f144333db04f8431c918975fbca - Path: Assets/Materials/gun.mat - Importer: PreviewImporter' with importer (PreviewImporter)
Imported 'GUID: 99ac8f144333db04f8431c918975fbca' -> (Import Result ID: '845d5e67da98b835356e700db50cae21') in 0.012 seconds [static and dynamic dependencies]. Details - ImportResultOutputID=5977cf6b444516e5e7b34976c16fe832 DependenciesID=968cf62599ada1e8008bf484de007326 StaticDependenciesID=f7f7dbe6e83846be0498f1e738502093 
Number of updated asset objects reloaded before import = 0
Number of asset objects unloaded after import = 2
========================================================================
Received Import Request.
  Time of request: 2026-09-24T22:31:50.2787617Z
  Time since last request: 0.8712275 seconds.
  importAddress: GUID: 8736fb43fd83d424993321ab8624c1d4 - Path: Assets/Materials/gun-2.mat - Importer: ScriptedImporter/UnityEditor.QuickSearchModule:UnityEditor.Search:ASIAI0B
Importing 'GUID: 8736fb43fd83d424993321ab8624c1d4 - Path: Assets/Materials/gun-2.mat - Importer: ScriptedImporter/UnityEditor.QuickSearchModule:UnityEditor.Search:ASIAI0B' with importer (ScriptedImporter : UnityEditor.QuickSearchModule:UnityEditor.Search:ASIAI0B)
Imported 'GUID: 8736fb43fd83d424993321ab8624c1d4' -> (Import Result ID: '6335902a73ec844b0147eb3bbd88dbfa') in 0.005 seconds [static and dynamic dependencies]. Details - ImportResultOutputID=365e60144287fd0739411202d0e8ccde DependenciesID=04c4843f2e80891b4c5985c42970af46 StaticDependenciesID=67f91df592b48e281e3c5e9bb7516955 
Number of updated asset objects reloaded before import = 0
Number of asset objects unloaded after import = 2
========================================================================
Received Prepare
AcceleratorClientConnectionCallback - disconnected - :0
[Licensing::Client] Successfully resolved entitlement details
Begin MonoManager ReloadAssembly
Native extension for Android target not found
Native extension for WindowsStandalone target not found
Native extension for WebGL target not found
[Package Manager] Failed to launch server process. Reason: Unity was launched with the -noUpm command-line argument
[Package Manager] Unable to send message (not connected to server process).
[Package Manager] Cannot connect to Unity Package Manager local server
[Package Manager] Failed to launch server process. Reason: Unity was launched with the -noUpm command-line argument
[Package Manager] Unable to send message (not connected to server process).
[Package Manager] Cannot connect to Unity Package Manager local server
ScheduleIndexationOnStartup MainProcess:False IndexOnStartup:True
Mono: successfully reloaded assembly
- Finished resetting the current domain, in  0.659 seconds
Domain Reload Profiling: 1275ms
	BeginReloadAssembly (210ms)
		DisableScriptedObjects (19ms)
		CreateAndSetChildDomain (54ms)
	RebuildCommonClasses (8ms)
	RebuildNativeTypeToScriptingClass (14ms)
	initialDomainReloadingComplete (57ms)
	LoadAllAssembliesAndSetupDomain (326ms)
		LoadAssemblies (281ms)
		AnalyzeDomain (17ms)
			TypeCache.Refresh (6ms)
			ResolveRequiredComponents (6ms)
	FinalizeReload (661ms)
		SetupLoadedEditorAssemblies (0ms)
			InitializePlatformSupportModulesInManaged (8ms)
			BeforeProcessingInitializeOnLoad (74ms)
			ProcessInitializeOnLoadAttributes (249ms)
			ProcessInitializeOnLoadMethodAttributes (127ms)
			AfterProcessingInitializeOnLoad (9ms)
		AwakeInstancesAfterBackupRestoration (23ms)
Refreshing native plugins compatible for Editor in 2.27 ms, found 4 plugins.
Unloading 22 Unused Serialized files (Serialized files now loaded: 0)
Unloading 6428 unused Assets / (5.8 MB). Loaded Objects now: 7431.
Memory consumption went from 370.8 MB to 365.0 MB.
Total: 10.769500 ms (FindLiveObjects: 0.946500 ms CreateObjectMapping: 2.753000 ms MarkObjects: 4.757600 ms  DeleteObjects: 2.311700 ms)

Prepare: number of updated asset objects reloaded= 0
========================================================================
Received Prepare
AcceleratorClientConnectionCallback - disconnected - :0
Refreshing native plugins compatible for Editor in 2.27 ms, found 4 plugins.
Unloading 22 Unused Serialized files (Serialized files now loaded: 0)
Unloading 22 unused Assets / (2.6 MB). Loaded Objects now: 7431.
Memory consumption went from 368.1 MB to 365.5 MB.
Total: 9.167100 ms (FindLiveObjects: 0.461100 ms CreateObjectMapping: 0.648000 ms MarkObjects: 7.574200 ms  DeleteObjects: 0.483300 ms)

Prepare: number of updated asset objects reloaded= 0
========================================================================
Received Prepare
AcceleratorClientConnectionCallback - disconnected - :0
[Licensing::Client] Successfully resolved entitlement details
Begin MonoManager ReloadAssembly
Native extension for Android target not found
Native extension for WindowsStandalone target not found
Native extension for WebGL target not found
[Package Manager] Failed to launch server process. Reason: Unity was launched with the -noUpm command-line argument
[Package Manager] Unable to send message (not connected to server process).
[Package Manager] Cannot connect to Unity Package Manager local server
[Package Manager] Failed to launch server process. Reason: Unity was launched with the -noUpm command-line argument
[Package Manager] Unable to send message (not connected to server process).
[Package Manager] Cannot connect to Unity Package Manager local server
ScheduleIndexationOnStartup MainProcess:False IndexOnStartup:True
Mono: successfully reloaded assembly
- Finished resetting the current domain, in  0.588 seconds
Domain Reload Profiling: 1324ms
	BeginReloadAssembly (186ms)
		DisableScriptedObjects (6ms)
		CreateAndSetChildDomain (48ms)
	RebuildCommonClasses (10ms)
	RebuildNativeTypeToScriptingClass (15ms)
	initialDomainReloadingComplete (54ms)
	LoadAllAssembliesAndSetupDomain (470ms)
		LoadAssemblies (283ms)
		AnalyzeDomain (161ms)
			TypeCache.Refresh (9ms)
			BuildScriptInfoCaches (143ms)
			ResolveRequiredComponents (7ms)
	FinalizeReload (589ms)
		SetupLoadedEditorAssemblies (0ms)
			InitializePlatformSupportModulesInManaged (8ms)
			BeforeProcessingInitializeOnLoad (79ms)
			ProcessInitializeOnLoadAttributes (217ms)
			ProcessInitializeOnLoadMethodAttributes (93ms)
			AfterProcessingInitializeOnLoad (6ms)
		AwakeInstancesAfterBackupRestoration (15ms)
Unloading 22 Unused Serialized files (Serialized files now loaded: 0)
Unloading 6428 unused Assets / (5.6 MB). Loaded Objects now: 7434.
Memory consumption went from 379.1 MB to 373.5 MB.
Total: 9.083200 ms (FindLiveObjects: 0.708000 ms CreateObjectMapping: 1.674200 ms MarkObjects: 4.808400 ms  DeleteObjects: 1.891900 ms)

Prepare: number of updated asset objects reloaded= 0
========================================================================
Received Prepare
AcceleratorClientConnectionCallback - disconnected - :0
Begin MonoManager ReloadAssembly
Native extension for Android target not found
Native extension for WindowsStandalone target not found
Native extension for WebGL target not found
[Package Manager] Failed to launch server process. Reason: Unity was launched with the -noUpm command-line argument
[Package Manager] Unable to send message (not connected to server process).
[Package Manager] Cannot connect to Unity Package Manager local server
[Package Manager] Failed to launch server process. Reason: Unity was launched with the -noUpm command-line argument
[Package Manager] Unable to send message (not connected to server process).
[Package Manager] Cannot connect to Unity Package Manager local server
ScheduleIndexationOnStartup MainProcess:False IndexOnStartup:True
Mono: successfully reloaded assembly
- Finished resetting the current domain, in  0.715 seconds
Domain Reload Profiling: 1308ms
	BeginReloadAssembly (188ms)
		DisableScriptedObjects (4ms)
		CreateAndSetChildDomain (52ms)
	RebuildCommonClasses (8ms)
	RebuildNativeTypeToScriptingClass (14ms)
	initialDomainReloadingComplete (54ms)
	LoadAllAssembliesAndSetupDomain (329ms)
		LoadAssemblies (282ms)
		AnalyzeDomain (17ms)
			TypeCache.Refresh (6ms)
			ResolveRequiredComponents (8ms)
	FinalizeReload (716ms)
		SetupLoadedEditorAssemblies (0ms)
			InitializePlatformSupportModulesInManaged (8ms)
			BeforeProcessingInitializeOnLoad (76ms)
			ProcessInitializeOnLoadAttributes (261ms)
			ProcessInitializeOnLoadMethodAttributes (126ms)
			AfterProcessingInitializeOnLoad (12ms)
		AwakeInstancesAfterBackupRestoration (36ms)
Unloading 22 Unused Serialized files (Serialized files now loaded: 0)
Unloading 6428 unused Assets / (6.1 MB). Loaded Objects now: 7437.
Memory consumption went from 381.1 MB to 375.0 MB.
Total: 13.701700 ms (FindLiveObjects: 1.080100 ms CreateObjectMapping: 2.674700 ms MarkObjects: 7.086700 ms  DeleteObjects: 2.859500 ms)

Prepare: number of updated asset objects reloaded= 0
========================================================================
Received Prepare
AcceleratorClientConnectionCallback - disconnected - :0
Unloading 22 Unused Serialized files (Serialized files now loaded: 0)
Unloading 22 unused Assets / (2.6 MB). Loaded Objects now: 7437.
Memory consumption went from 378.7 MB to 376.0 MB.
Total: 6.024300 ms (FindLiveObjects: 0.436500 ms CreateObjectMapping: 0.594300 ms MarkObjects: 4.560000 ms  DeleteObjects: 0.433000 ms)

Prepare: number of updated asset objects reloaded= 0
========================================================================
Received Prepare
AcceleratorClientConnectionCallback - disconnected - :0
Begin MonoManager ReloadAssembly
Native extension for Android target not found
Native extension for WindowsStandalone target not found
Native extension for WebGL target not found
[Package Manager] Failed to launch server process. Reason: Unity was launched with the -noUpm command-line argument
[Package Manager] Unable to send message (not connected to server process).
[Package Manager] Cannot connect to Unity Package Manager local server
[Package Manager] Failed to launch server process. Reason: Unity was launched with the -noUpm command-line argument
[Package Manager] Unable to send message (not connected to server process).
[Package Manager] Cannot connect to Unity Package Manager local server
ScheduleIndexationOnStartup MainProcess:False IndexOnStartup:True
Mono: successfully reloaded assembly
- Finished resetting the current domain, in  0.672 seconds
Domain Reload Profiling: 1274ms
	BeginReloadAssembly (187ms)
		DisableScriptedObjects (6ms)
		CreateAndSetChildDomain (48ms)
	RebuildCommonClasses (9ms)
	RebuildNativeTypeToScriptingClass (14ms)
	initialDomainReloadingComplete (55ms)
	LoadAllAssembliesAndSetupDomain (335ms)
		LoadAssemblies (294ms)
		AnalyzeDomain (16ms)
			TypeCache.Refresh (6ms)
			ResolveRequiredComponents (6ms)
	FinalizeReload (673ms)
		SetupLoadedEditorAssemblies (0ms)
			InitializePlatformSupportModulesInManaged (9ms)
			BeforeProcessingInitializeOnLoad (75ms)
			ProcessInitializeOnLoadAttributes (261ms)
			ProcessInitializeOnLoadMethodAttributes (120ms)
			AfterProcessingInitializeOnLoad (9ms)
		AwakeInstancesAfterBackupRestoration (22ms)
Refreshing native plugins compatible for Editor in 2.46 ms, found 4 plugins.
Unloading 22 Unused Serialized files (Serialized files now loaded: 0)
Unloading 6428 unused Assets / (6.2 MB). Loaded Objects now: 7440.
Memory consumption went from 385.5 MB to 379.4 MB.
Total: 11.055000 ms (FindLiveObjects: 0.820500 ms CreateObjectMapping: 2.341900 ms MarkObjects: 4.930400 ms  DeleteObjects: 2.961700 ms)

Prepare: number of updated asset objects reloaded= 0
========================================================================
Received Prepare
AcceleratorClientConnectionCallback - disconnected - :0
[Licensing::Client] Successfully resolved entitlement details
Begin MonoManager ReloadAssembly
Native extension for Android target not found
Native extension for WindowsStandalone target not found
Native extension for WebGL target not found
[Package Manager] Failed to launch server process. Reason: Unity was launched with the -noUpm command-line argument
[Package Manager] Unable to send message (not connected to server process).
[Package Manager] Cannot connect to Unity Package Manager local server
[Package Manager] Failed to launch server process. Reason: Unity was launched with the -noUpm command-line argument
[Package Manager] Unable to send message (not connected to server process).
[Package Manager] Cannot connect to Unity Package Manager local server
ScheduleIndexationOnStartup MainProcess:False IndexOnStartup:True
Mono: successfully reloaded assembly
- Finished resetting the current domain, in  0.609 seconds
Domain Reload Profiling: 1216ms
	BeginReloadAssembly (206ms)
		DisableScriptedObjects (6ms)
		CreateAndSetChildDomain (49ms)
	RebuildCommonClasses (9ms)
	RebuildNativeTypeToScriptingClass (15ms)
	initialDomainReloadingComplete (52ms)
	LoadAllAssembliesAndSetupDomain (324ms)
		LoadAssemblies (288ms)
		AnalyzeDomain (18ms)
			TypeCache.Refresh (7ms)
			ResolveRequiredComponents (7ms)
	FinalizeReload (610ms)
		SetupLoadedEditorAssemblies (0ms)
			InitializePlatformSupportModulesInManaged (7ms)
			BeforeProcessingInitializeOnLoad (72ms)
			ProcessInitializeOnLoadAttributes (224ms)
			ProcessInitializeOnLoadMethodAttributes (103ms)
			AfterProcessingInitializeOnLoad (8ms)
		AwakeInstancesAfterBackupRestoration (19ms)
Refreshing native plugins compatible for Editor in 2.30 ms, found 4 plugins.
Unloading 22 Unused Serialized files (Serialized files now loaded: 0)
Unloading 6428 unused Assets / (6.2 MB). Loaded Objects now: 7443.
Memory consumption went from 387.8 MB to 381.6 MB.
Total: 12.737300 ms (FindLiveObjects: 0.969100 ms CreateObjectMapping: 2.264400 ms MarkObjects: 6.575900 ms  DeleteObjects: 2.927400 ms)

Prepare: number of updated asset objects reloaded= 0
========================================================================
Received Prepare
AcceleratorClientConnectionCallback - disconnected - :0
Unloading 22 Unused Serialized files (Serialized files now loaded: 0)
Unloading 22 unused Assets / (2.6 MB). Loaded Objects now: 7443.
Memory consumption went from 385.4 MB to 382.8 MB.
Total: 7.752100 ms (FindLiveObjects: 0.531700 ms CreateObjectMapping: 0.641900 ms MarkObjects: 5.877700 ms  DeleteObjects: 0.700100 ms)

Prepare: number of updated asset objects reloaded= 0
========================================================================
Received Prepare
AcceleratorClientConnectionCallback - disconnected - :0
Begin MonoManager ReloadAssembly
Native extension for Android target not found
Native extension for WindowsStandalone target not found
Native extension for WebGL target not found
[Package Manager] Failed to launch server process. Reason: Unity was launched with the -noUpm command-line argument
[Package Manager] Unable to send message (not connected to server process).
[Package Manager] Cannot connect to Unity Package Manager local server
[Package Manager] Failed to launch server process. Reason: Unity was launched with the -noUpm command-line argument
[Package Manager] Unable to send message (not connected to server process).
[Package Manager] Cannot connect to Unity Package Manager local server
ScheduleIndexationOnStartup MainProcess:False IndexOnStartup:True
Mono: successfully reloaded assembly
- Finished resetting the current domain, in  0.589 seconds
Domain Reload Profiling: 1170ms
	BeginReloadAssembly (184ms)
		DisableScriptedObjects (6ms)
		CreateAndSetChildDomain (45ms)
	RebuildCommonClasses (8ms)
	RebuildNativeTypeToScriptingClass (14ms)
	initialDomainReloadingComplete (54ms)
	LoadAllAssembliesAndSetupDomain (320ms)
		LoadAssemblies (278ms)
		AnalyzeDomain (17ms)
			TypeCache.Refresh (6ms)
			ResolveRequiredComponents (7ms)
	FinalizeReload (590ms)
		SetupLoadedEditorAssemblies (0ms)
			InitializePlatformSupportModulesInManaged (7ms)
			BeforeProcessingInitializeOnLoad (69ms)
			ProcessInitializeOnLoadAttributes (228ms)
			ProcessInitializeOnLoadMethodAttributes (106ms)
			AfterProcessingInitializeOnLoad (6ms)
		AwakeInstancesAfterBackupRestoration (16ms)
Unloading 22 Unused Serialized files (Serialized files now loaded: 0)
Unloading 6428 unused Assets / (5.3 MB). Loaded Objects now: 7446.
Memory consumption went from 392.3 MB to 387.0 MB.
Total: 8.420900 ms (FindLiveObjects: 0.777700 ms CreateObjectMapping: 1.811600 ms MarkObjects: 4.046600 ms  DeleteObjects: 1.784700 ms)

Prepare: number of updated asset objects reloaded= 0
========================================================================
Received Prepare
AcceleratorClientConnectionCallback - disconnected - :0
[Licensing::Client] Successfully resolved entitlement details
Begin MonoManager ReloadAssembly
Native extension for Android target not found
Native extension for WindowsStandalone target not found
Native extension for WebGL target not found
[Package Manager] Failed to launch server process. Reason: Unity was launched with the -noUpm command-line argument
[Package Manager] Unable to send message (not connected to server process).
[Package Manager] Cannot connect to Unity Package Manager local server
[Package Manager] Failed to launch server process. Reason: Unity was launched with the -noUpm command-line argument
[Package Manager] Unable to send message (not connected to server process).
[Package Manager] Cannot connect to Unity Package Manager local server
ScheduleIndexationOnStartup MainProcess:False IndexOnStartup:True
Mono: successfully reloaded assembly
- Finished resetting the current domain, in  0.571 seconds
Domain Reload Profiling: 1346ms
	BeginReloadAssembly (196ms)
		DisableScriptedObjects (6ms)
		CreateAndSetChildDomain (52ms)
	RebuildCommonClasses (9ms)
	RebuildNativeTypeToScriptingClass (15ms)
	initialDomainReloadingComplete (61ms)
	LoadAllAssembliesAndSetupDomain (493ms)
		LoadAssemblies (290ms)
		AnalyzeDomain (173ms)
			TypeCache.Refresh (8ms)
			BuildScriptInfoCaches (154ms)
			ResolveRequiredComponents (8ms)
	FinalizeReload (572ms)
		SetupLoadedEditorAssemblies (0ms)
			InitializePlatformSupportModulesInManaged (8ms)
			BeforeProcessingInitializeOnLoad (80ms)
			ProcessInitializeOnLoadAttributes (204ms)
			ProcessInitializeOnLoadMethodAttributes (89ms)
			AfterProcessingInitializeOnLoad (6ms)
		AwakeInstancesAfterBackupRestoration (16ms)
Refreshing native plugins compatible for Editor in 2.18 ms, found 4 plugins.
Unloading 22 Unused Serialized files (Serialized files now loaded: 0)
Unloading 6428 unused Assets / (5.1 MB). Loaded Objects now: 7449.
Memory consumption went from 404.5 MB to 399.5 MB.
Total: 8.415800 ms (FindLiveObjects: 0.728400 ms CreateObjectMapping: 1.576200 ms MarkObjects: 4.444300 ms  DeleteObjects: 1.666500 ms)

Prepare: number of updated asset objects reloaded= 0
========================================================================
Received Prepare
AcceleratorClientConnectionCallback - disconnected - :0
Begin MonoManager ReloadAssembly
Native extension for Android target not found
Native extension for WindowsStandalone target not found
Native extension for WebGL target not found
[Package Manager] Failed to launch server process. Reason: Unity was launched with the -noUpm command-line argument
[Package Manager] Unable to send message (not connected to server process).
[Package Manager] Cannot connect to Unity Package Manager local server
[Package Manager] Failed to launch server process. Reason: Unity was launched with the -noUpm command-line argument
[Package Manager] Unable to send message (not connected to server process).
[Package Manager] Cannot connect to Unity Package Manager local server
ScheduleIndexationOnStartup MainProcess:False IndexOnStartup:True
Mono: successfully reloaded assembly
- Finished resetting the current domain, in  0.574 seconds
Domain Reload Profiling: 1145ms
	BeginReloadAssembly (188ms)
		DisableScriptedObjects (4ms)
		CreateAndSetChildDomain (54ms)
	RebuildCommonClasses (8ms)
	RebuildNativeTypeToScriptingClass (14ms)
	initialDomainReloadingComplete (51ms)
	LoadAllAssembliesAndSetupDomain (311ms)
		LoadAssemblies (267ms)
		AnalyzeDomain (20ms)
			TypeCache.Refresh (6ms)
			ResolveRequiredComponents (10ms)
	FinalizeReload (575ms)
		SetupLoadedEditorAssemblies (0ms)
			InitializePlatformSupportModulesInManaged (7ms)
			BeforeProcessingInitializeOnLoad (70ms)
			ProcessInitializeOnLoadAttributes (212ms)
			ProcessInitializeOnLoadMethodAttributes (95ms)
			AfterProcessingInitializeOnLoad (6ms)
		AwakeInstancesAfterBackupRestoration (17ms)
Unloading 22 Unused Serialized files (Serialized files now loaded: 0)
Unloading 6428 unused Assets / (5.3 MB). Loaded Objects now: 7452.
Memory consumption went from 404.2 MB to 398.9 MB.
Total: 10.249700 ms (FindLiveObjects: 1.121200 ms CreateObjectMapping: 1.816500 ms MarkObjects: 5.359500 ms  DeleteObjects: 1.951900 ms)

Prepare: number of updated asset objects reloaded= 0
========================================================================
Received Prepare
AcceleratorClientConnectionCallback - disconnected - :0
[Licensing::Client] Successfully resolved entitlement details
Begin MonoManager ReloadAssembly
Native extension for Android target not found
Native extension for WindowsStandalone target not found
Native extension for WebGL target not found
[Package Manager] Failed to launch server process. Reason: Unity was launched with the -noUpm command-line argument
[Package Manager] Unable to send message (not connected to server process).
[Package Manager] Cannot connect to Unity Package Manager local server
[Package Manager] Failed to launch server process. Reason: Unity was launched with the -noUpm command-line argument
[Package Manager] Unable to send message (not connected to server process).
[Package Manager] Cannot connect to Unity Package Manager local server
ScheduleIndexationOnStartup MainProcess:False IndexOnStartup:True
Mono: successfully reloaded assembly
- Finished resetting the current domain, in  0.636 seconds
Domain Reload Profiling: 1234ms
	BeginReloadAssembly (185ms)
		DisableScriptedObjects (6ms)
		CreateAndSetChildDomain (46ms)
	RebuildCommonClasses (8ms)
	RebuildNativeTypeToScriptingClass (14ms)
	initialDomainReloadingComplete (55ms)
	LoadAllAssembliesAndSetupDomain (335ms)
		LoadAssemblies (282ms)
		AnalyzeDomain (20ms)
			TypeCache.Refresh (8ms)
			ResolveRequiredComponents (7ms)
	FinalizeReload (637ms)
		SetupLoadedEditorAssemblies (0ms)
			InitializePlatformSupportModulesInManaged (9ms)
			BeforeProcessingInitializeOnLoad (73ms)
			ProcessInitializeOnLoadAttributes (233ms)
			ProcessInitializeOnLoadMethodAttributes (103ms)
			AfterProcessingInitializeOnLoad (9ms)
		AwakeInstancesAfterBackupRestoration (24ms)
Refreshing native plugins compatible for Editor in 3.32 ms, found 4 plugins.
Unloading 22 Unused Serialized files (Serialized files now loaded: 0)
Unloading 6428 unused Assets / (5.8 MB). Loaded Objects now: 7455.
Memory consumption went from 406.5 MB to 400.7 MB.
Total: 10.852800 ms (FindLiveObjects: 0.999700 ms CreateObjectMapping: 2.043300 ms MarkObjects: 4.887900 ms  DeleteObjects: 2.921300 ms)

Prepare: number of updated asset objects reloaded= 0
========================================================================
Received Prepare
AcceleratorClientConnectionCallback - disconnected - :0
Begin MonoManager ReloadAssembly
Native extension for Android target not found
Native extension for WindowsStandalone target not found
Native extension for WebGL target not found
[Package Manager] Failed to launch server process. Reason: Unity was launched with the -noUpm command-line argument
[Package Manager] Unable to send message (not connected to server process).
[Package Manager] Cannot connect to Unity Package Manager local server
[Package Manager] Failed to launch server process. Reason: Unity was launched with the -noUpm command-line argument
[Package Manager] Unable to send message (not connected to server process).
[Package Manager] Cannot connect to Unity Package Manager local server
ScheduleIndexationOnStartup MainProcess:False IndexOnStartup:True
Mono: successfully reloaded assembly
- Finished resetting the current domain, in  0.582 seconds
Domain Reload Profiling: 1179ms
	BeginReloadAssembly (188ms)
		DisableScriptedObjects (5ms)
		CreateAndSetChildDomain (49ms)
	RebuildCommonClasses (9ms)
	RebuildNativeTypeToScriptingClass (14ms)
	initialDomainReloadingComplete (55ms)
	LoadAllAssembliesAndSetupDomain (330ms)
		LoadAssemblies (288ms)
		AnalyzeDomain (17ms)
			TypeCache.Refresh (7ms)
			ResolveRequiredComponents (7ms)
	FinalizeReload (583ms)
		SetupLoadedEditorAssemblies (0ms)
			InitializePlatformSupportModulesInManaged (7ms)
			BeforeProcessingInitializeOnLoad (71ms)
			ProcessInitializeOnLoadAttributes (216ms)
			ProcessInitializeOnLoadMethodAttributes (96ms)
			AfterProcessingInitializeOnLoad (6ms)
		AwakeInstancesAfterBackupRestoration (20ms)
Refreshing native plugins compatible for Editor in 2.60 ms, found 4 plugins.
Unloading 22 Unused Serialized files (Serialized files now loaded: 0)
Unloading 6428 unused Assets / (5.5 MB). Loaded Objects now: 7458.
Memory consumption went from 409.0 MB to 403.4 MB.
Total: 12.667200 ms (FindLiveObjects: 1.366200 ms CreateObjectMapping: 3.201600 ms MarkObjects: 5.109400 ms  DeleteObjects: 2.989300 ms)

Prepare: number of updated asset objects reloaded= 0
========================================================================
Received Prepare
AcceleratorClientConnectionCallback - disconnected - :0
[Licensing::Client] Successfully resolved entitlement details
Begin MonoManager ReloadAssembly
Native extension for Android target not found
Native extension for WindowsStandalone target not found
Native extension for WebGL target not found
[Package Manager] Failed to launch server process. Reason: Unity was launched with the -noUpm command-line argument
[Package Manager] Unable to send message (not connected to server process).
[Package Manager] Cannot connect to Unity Package Manager local server
[Package Manager] Failed to launch server process. Reason: Unity was launched with the -noUpm command-line argument
[Package Manager] Unable to send message (not connected to server process).
[Package Manager] Cannot connect to Unity Package Manager local server
ScheduleIndexationOnStartup MainProcess:False IndexOnStartup:True
Mono: successfully reloaded assembly
- Finished resetting the current domain, in  0.640 seconds
Domain Reload Profiling: 1251ms
	BeginReloadAssembly (197ms)
		DisableScriptedObjects (5ms)
		CreateAndSetChildDomain (56ms)
	RebuildCommonClasses (9ms)
	RebuildNativeTypeToScriptingClass (14ms)
	initialDomainReloadingComplete (61ms)
	LoadAllAssembliesAndSetupDomain (329ms)
		LoadAssemblies (289ms)
		AnalyzeDomain (17ms)
			TypeCache.Refresh (6ms)
			ResolveRequiredComponents (7ms)
	FinalizeReload (641ms)
		SetupLoadedEditorAssemblies (0ms)
			InitializePlatformSupportModulesInManaged (8ms)
			BeforeProcessingInitializeOnLoad (111ms)
			ProcessInitializeOnLoadAttributes (227ms)
			ProcessInitializeOnLoadMethodAttributes (96ms)
			AfterProcessingInitializeOnLoad (7ms)
		AwakeInstancesAfterBackupRestoration (17ms)
Refreshing native plugins compatible for Editor in 2.10 ms, found 4 plugins.
Unloading 22 Unused Serialized files (Serialized files now loaded: 0)
Unloading 6428 unused Assets / (6.2 MB). Loaded Objects now: 7461.
Memory consumption went from 412.8 MB to 406.6 MB.
Total: 10.541700 ms (FindLiveObjects: 0.892300 ms CreateObjectMapping: 1.921700 ms MarkObjects: 4.595700 ms  DeleteObjects: 3.131500 ms)

Prepare: number of updated asset objects reloaded= 0
========================================================================
Received Prepare
AcceleratorClientConnectionCallback - disconnected - :0
[Licensing::Client] Successfully resolved entitlement details
Begin MonoManager ReloadAssembly
Native extension for Android target not found
Native extension for WindowsStandalone target not found
Native extension for WebGL target not found
[Package Manager] Failed to launch server process. Reason: Unity was launched with the -noUpm command-line argument
[Package Manager] Unable to send message (not connected to server process).
[Package Manager] Cannot connect to Unity Package Manager local server
[Package Manager] Failed to launch server process. Reason: Unity was launched with the -noUpm command-line argument
[Package Manager] Unable to send message (not connected to server process).
[Package Manager] Cannot connect to Unity Package Manager local server
ScheduleIndexationOnStartup MainProcess:False IndexOnStartup:True
Mono: successfully reloaded assembly
- Finished resetting the current domain, in  0.587 seconds
Domain Reload Profiling: 1335ms
	BeginReloadAssembly (201ms)
		DisableScriptedObjects (6ms)
		CreateAndSetChildDomain (56ms)
	RebuildCommonClasses (10ms)
	RebuildNativeTypeToScriptingClass (18ms)
	initialDomainReloadingComplete (55ms)
	LoadAllAssembliesAndSetupDomain (464ms)
		LoadAssemblies (274ms)
		AnalyzeDomain (172ms)
			TypeCache.Refresh (9ms)
			BuildScriptInfoCaches (155ms)
			ResolveRequiredComponents (7ms)
	FinalizeReload (588ms)
		SetupLoadedEditorAssemblies (0ms)
			InitializePlatformSupportModulesInManaged (7ms)
			BeforeProcessingInitializeOnLoad (72ms)
			ProcessInitializeOnLoadAttributes (219ms)
			ProcessInitializeOnLoadMethodAttributes (97ms)
			AfterProcessingInitializeOnLoad (6ms)
		AwakeInstancesAfterBackupRestoration (15ms)
Refreshing native plugins compatible for Editor in 2.86 ms, found 4 plugins.
Unloading 22 Unused Serialized files (Serialized files now loaded: 0)
Unloading 6428 unused Assets / (4.8 MB). Loaded Objects now: 7464.
Memory consumption went from 427.4 MB to 422.5 MB.
Total: 8.974700 ms (FindLiveObjects: 0.756600 ms CreateObjectMapping: 1.475000 ms MarkObjects: 5.112700 ms  DeleteObjects: 1.629900 ms)

Prepare: number of updated asset objects reloaded= 0
========================================================================
Received Prepare
AcceleratorClientConnectionCallback - disconnected - :0
[Licensing::Client] Successfully resolved entitlement details
Begin MonoManager ReloadAssembly
Native extension for Android target not found
Native extension for WindowsStandalone target not found
Native extension for WebGL target not found
[Package Manager] Failed to launch server process. Reason: Unity was launched with the -noUpm command-line argument
[Package Manager] Unable to send message (not connected to server process).
[Package Manager] Cannot connect to Unity Package Manager local server
[Package Manager] Failed to launch server process. Reason: Unity was launched with the -noUpm command-line argument
[Package Manager] Unable to send message (not connected to server process).
[Package Manager] Cannot connect to Unity Package Manager local server
ScheduleIndexationOnStartup MainProcess:False IndexOnStartup:True
Mono: successfully reloaded assembly
- Finished resetting the current domain, in  0.582 seconds
Domain Reload Profiling: 1203ms
	BeginReloadAssembly (197ms)
		DisableScriptedObjects (4ms)
		CreateAndSetChildDomain (54ms)
	RebuildCommonClasses (9ms)
	RebuildNativeTypeToScriptingClass (14ms)
	initialDomainReloadingComplete (60ms)
	LoadAllAssembliesAndSetupDomain (340ms)
		LoadAssemblies (296ms)
		AnalyzeDomain (18ms)
			TypeCache.Refresh (7ms)
			ResolveRequiredComponents (7ms)
	FinalizeReload (583ms)
		SetupLoadedEditorAssemblies (0ms)
			InitializePlatformSupportModulesInManaged (7ms)
			BeforeProcessingInitializeOnLoad (74ms)
			ProcessInitializeOnLoadAttributes (212ms)
			ProcessInitializeOnLoadMethodAttributes (94ms)
			AfterProcessingInitializeOnLoad (7ms)
		AwakeInstancesAfterBackupRestoration (19ms)
Refreshing native plugins compatible for Editor in 2.29 ms, found 4 plugins.
Unloading 22 Unused Serialized files (Serialized files now loaded: 0)
Unloading 6428 unused Assets / (5.7 MB). Loaded Objects now: 7467.
Memory consumption went from 425.4 MB to 419.7 MB.
Total: 10.964400 ms (FindLiveObjects: 0.859900 ms CreateObjectMapping: 1.663100 ms MarkObjects: 5.140500 ms  DeleteObjects: 3.299900 ms)

Prepare: number of updated asset objects reloaded= 0
========================================================================
Received Prepare
AcceleratorClientConnectionCallback - disconnected - :0
Refreshing native plugins compatible for Editor in 2.12 ms, found 4 plugins.
Unloading 22 Unused Serialized files (Serialized files now loaded: 0)
Unloading 22 unused Assets / (2.6 MB). Loaded Objects now: 7467.
Memory consumption went from 423.0 MB to 420.4 MB.
Total: 5.990900 ms (FindLiveObjects: 0.444900 ms CreateObjectMapping: 0.604200 ms MarkObjects: 4.475400 ms  DeleteObjects: 0.466000 ms)

Prepare: number of updated asset objects reloaded= 0
========================================================================
Received Import Request.
  Time of request: 2026-09-24T22:52:38.022037Z
  Time since last request: 1247.72680560000003 seconds.
  importAddress: GUID: 99c9720ab356a0642a771bea13969a05 - Path: Assets/Scenes/SampleScene.unity - Importer: ScriptedImporter/UnityEditor.QuickSearchModule:UnityEditor.Search:ASIAI0B
Importing 'GUID: 99c9720ab356a0642a771bea13969a05 - Path: Assets/Scenes/SampleScene.unity - Importer: ScriptedImporter/UnityEditor.QuickSearchModule:UnityEditor.Search:ASIAI0B' with importer (ScriptedImporter : UnityEditor.QuickSearchModule:UnityEditor.Search:ASIAI0B)
Imported 'GUID: 99c9720ab356a0642a771bea13969a05' -> (Import Result ID: 'c1d3826531e94bf4114c468fc31dcaf2') in 0.051 seconds [static and dynamic dependencies]. Details - ImportResultOutputID=7bb67241a45254a72b9f2ea3fc8a12e1 DependenciesID=60344b4cf3c66b90efdd0314cf9f49e1 StaticDependenciesID=55eb65b4fb592ecfb0015aaa26a88ece 
Number of updated asset objects reloaded before import = 0
Number of asset objects unloaded after import = 1
========================================================================
Received Prepare
AcceleratorClientConnectionCallback - disconnected - :0
Refreshing native plugins compatible for Editor in 2.21 ms, found 4 plugins.
Unloading 22 Unused Serialized files (Serialized files now loaded: 0)
Unloading 6418 unused Assets / (5.1 MB). Loaded Objects now: 7468.
Memory consumption went from 430.2 MB to 425.1 MB.
Total: 8.775400 ms (FindLiveObjects: 0.840300 ms CreateObjectMapping: 1.751500 ms MarkObjects: 4.409400 ms  DeleteObjects: 1.773800 ms)

Prepare: number of updated asset objects reloaded= 0
========================================================================
Received Import Request.
  Time of request: 2026-09-24T22:52:39.5527502Z
  Time since last request: 1.4706841 seconds.
  importAddress: GUID: d5a28d9b25ff7a643af1e27d6846524c - Path: Assets/Scripts/CameraController.cs - Importer: ScriptedImporter/UnityEditor.QuickSearchModule:UnityEditor.Search:ASIAI0B
Importing 'GUID: d5a28d9b25ff7a643af1e27d6846524c - Path: Assets/Scripts/CameraController.cs - Importer: ScriptedImporter/UnityEditor.QuickSearchModule:UnityEditor.Search:ASIAI0B' with importer (ScriptedImporter : UnityEditor.QuickSearchModule:UnityEditor.Search:ASIAI0B)
Imported 'GUID: d5a28d9b25ff7a643af1e27d6846524c' -> (Import Result ID: '9bf99d3f60390ac176658fa823ac89f6') in 0.033 seconds [static and dynamic dependencies]. Details - ImportResultOutputID=418fbc14bd036039f7fb0183609902a6 DependenciesID=a1c8570b1be679696d6ce1eb2c487964 StaticDependenciesID=f367d6fea03b8f0228777f471ddb9ceb 
Number of updated asset objects reloaded before import = 0
Number of asset objects unloaded after import = 0
========================================================================
Received Prepare
AcceleratorClientConnectionCallback - disconnected - :0
[Licensing::Client] Successfully resolved entitlement details
Begin MonoManager ReloadAssembly
Native extension for Android target not found
Native extension for WindowsStandalone target not found
Native extension for WebGL target not found
[Package Manager] Failed to launch server process. Reason: Unity was launched with the -noUpm command-line argument
[Package Manager] Unable to send message (not connected to server process).
[Package Manager] Cannot connect to Unity Package Manager local server
[Package Manager] Failed to launch server process. Reason: Unity was launched with the -noUpm command-line argument
[Package Manager] Unable to send message (not connected to server process).
[Package Manager] Cannot connect to Unity Package Manager local server
ScheduleIndexationOnStartup MainProcess:False IndexOnStartup:True
Mono: successfully reloaded assembly
- Finished resetting the current domain, in  0.617 seconds
Domain Reload Profiling: 1364ms
	BeginReloadAssembly (193ms)
		DisableScriptedObjects (5ms)
		CreateAndSetChildDomain (53ms)
	RebuildCommonClasses (9ms)
	RebuildNativeTypeToScriptingClass (15ms)
	initialDomainReloadingComplete (60ms)
	LoadAllAssembliesAndSetupDomain (468ms)
		LoadAssemblies (280ms)
		AnalyzeDomain (170ms)
			TypeCache.Refresh (9ms)
			BuildScriptInfoCaches (152ms)
			ResolveRequiredComponents (8ms)
	FinalizeReload (619ms)
		SetupLoadedEditorAssemblies (0ms)
			InitializePlatformSupportModulesInManaged (9ms)
			BeforeProcessingInitializeOnLoad (73ms)
			ProcessInitializeOnLoadAttributes (231ms)
			ProcessInitializeOnLoadMethodAttributes (96ms)
			AfterProcessingInitializeOnLoad (7ms)
		AwakeInstancesAfterBackupRestoration (19ms)
Unloading 22 Unused Serialized files (Serialized files now loaded: 0)
Unloading 6429 unused Assets / (5.6 MB). Loaded Objects now: 7471.
Memory consumption went from 403.9 MB to 398.3 MB.
Total: 10.119800 ms (FindLiveObjects: 0.838100 ms CreateObjectMapping: 2.518800 ms MarkObjects: 4.538700 ms  DeleteObjects: 2.223800 ms)

Prepare: number of updated asset objects reloaded= 0
========================================================================
Received Prepare
AcceleratorClientConnectionCallback - disconnected - :0
[Licensing::Client] Successfully resolved entitlement details
Begin MonoManager ReloadAssembly
Native extension for Android target not found
Native extension for WindowsStandalone target not found
Native extension for WebGL target not found
[Package Manager] Failed to launch server process. Reason: Unity was launched with the -noUpm command-line argument
[Package Manager] Unable to send message (not connected to server process).
[Package Manager] Cannot connect to Unity Package Manager local server
[Package Manager] Failed to launch server process. Reason: Unity was launched with the -noUpm command-line argument
[Package Manager] Unable to send message (not connected to server process).
[Package Manager] Cannot connect to Unity Package Manager local server
ScheduleIndexationOnStartup MainProcess:False IndexOnStartup:True
Mono: successfully reloaded assembly
- Finished resetting the current domain, in  0.617 seconds
Domain Reload Profiling: 1355ms
	BeginReloadAssembly (196ms)
		DisableScriptedObjects (5ms)
		CreateAndSetChildDomain (48ms)
	RebuildCommonClasses (10ms)
	RebuildNativeTypeToScriptingClass (15ms)
	initialDomainReloadingComplete (51ms)
	LoadAllAssembliesAndSetupDomain (464ms)
		LoadAssemblies (279ms)
		AnalyzeDomain (172ms)
			TypeCache.Refresh (8ms)
			BuildScriptInfoCaches (156ms)
			ResolveRequiredComponents (6ms)
	FinalizeReload (619ms)
		SetupLoadedEditorAssemblies (0ms)
			InitializePlatformSupportModulesInManaged (8ms)
			BeforeProcessingInitializeOnLoad (73ms)
			ProcessInitializeOnLoadAttributes (234ms)
			ProcessInitializeOnLoadMethodAttributes (102ms)
			AfterProcessingInitializeOnLoad (6ms)
		AwakeInstancesAfterBackupRestoration (19ms)
Refreshing native plugins compatible for Editor in 2.24 ms, found 4 plugins.
Unloading 22 Unused Serialized files (Serialized files now loaded: 0)
Unloading 6429 unused Assets / (5.5 MB). Loaded Objects now: 7474.
Memory consumption went from 408.7 MB to 403.2 MB.
Total: 9.047100 ms (FindLiveObjects: 0.786400 ms CreateObjectMapping: 1.851800 ms MarkObjects: 4.450100 ms  DeleteObjects: 1.958000 ms)

Prepare: number of updated asset objects reloaded= 0
========================================================================
Received Import Request.
  Time of request: 2026-09-24T22:54:24.5564688Z
  Time since last request: 104.9621471 seconds.
  importAddress: GUID: d5a28d9b25ff7a643af1e27d6846524c - Path: Assets/Scripts/CameraController.cs - Importer: PreviewImporter
Importing 'GUID: d5a28d9b25ff7a643af1e27d6846524c - Path: Assets/Scripts/CameraController.cs - Importer: PreviewImporter' with importer (PreviewImporter)
Imported 'GUID: d5a28d9b25ff7a643af1e27d6846524c' -> (Import Result ID: 'f5562baa9fb2dbfd2dc110c8fec177c6') in 0.002 seconds [static and dynamic dependencies]. Details - ImportResultOutputID=6502a3e8e8c5b022ab840e39a99995d0 DependenciesID=12e940038f89b8dd37fc23c8ef5d0c5f StaticDependenciesID=7c3235bd220eae0ae77d5125d5783be2 
Number of updated asset objects reloaded before import = 0
Number of asset objects unloaded after import = 0
========================================================================
Received Prepare
AcceleratorClientConnectionCallback - disconnected - :0
Begin MonoManager ReloadAssembly
Native extension for Android target not found
Native extension for WindowsStandalone target not found
Native extension for WebGL target not found
[Package Manager] Failed to launch server process. Reason: Unity was launched with the -noUpm command-line argument
[Package Manager] Unable to send message (not connected to server process).
[Package Manager] Cannot connect to Unity Package Manager local server
[Package Manager] Failed to launch server process. Reason: Unity was launched with the -noUpm command-line argument
[Package Manager] Unable to send message (not connected to server process).
[Package Manager] Cannot connect to Unity Package Manager local server
ScheduleIndexationOnStartup MainProcess:False IndexOnStartup:True
Mono: successfully reloaded assembly
- Finished resetting the current domain, in  0.581 seconds
Domain Reload Profiling: 1159ms
	BeginReloadAssembly (180ms)
		DisableScriptedObjects (4ms)
		CreateAndSetChildDomain (49ms)
	RebuildCommonClasses (8ms)
	RebuildNativeTypeToScriptingClass (14ms)
	initialDomainReloadingComplete (58ms)
	LoadAllAssembliesAndSetupDomain (317ms)
		LoadAssemblies (270ms)
		AnalyzeDomain (16ms)
			TypeCache.Refresh (6ms)
			ResolveRequiredComponents (7ms)
	FinalizeReload (582ms)
		SetupLoadedEditorAssemblies (0ms)
			InitializePlatformSupportModulesInManaged (7ms)
			BeforeProcessingInitializeOnLoad (67ms)
			ProcessInitializeOnLoadAttributes (214ms)
			ProcessInitializeOnLoadMethodAttributes (103ms)
			AfterProcessingInitializeOnLoad (8ms)
		AwakeInstancesAfterBackupRestoration (20ms)
Refreshing native plugins compatible for Editor in 2.61 ms, found 4 plugins.
Unloading 22 Unused Serialized files (Serialized files now loaded: 0)
Unloading 6429 unused Assets / (5.6 MB). Loaded Objects now: 7477.
Memory consumption went from 406.2 MB to 400.6 MB.
Total: 10.058800 ms (FindLiveObjects: 0.840000 ms CreateObjectMapping: 1.991100 ms MarkObjects: 5.055700 ms  DeleteObjects: 2.171500 ms)

Prepare: number of updated asset objects reloaded= 0
========================================================================
Received Prepare
AcceleratorClientConnectionCallback - disconnected - :0
[Licensing::Client] Successfully resolved entitlement details
Begin MonoManager ReloadAssembly
Native extension for Android target not found
Native extension for WindowsStandalone target not found
Native extension for WebGL target not found
[Package Manager] Failed to launch server process. Reason: Unity was launched with the -noUpm command-line argument
[Package Manager] Unable to send message (not connected to server process).
[Package Manager] Cannot connect to Unity Package Manager local server
[Package Manager] Failed to launch server process. Reason: Unity was launched with the -noUpm command-line argument
[Package Manager] Unable to send message (not connected to server process).
[Package Manager] Cannot connect to Unity Package Manager local server
ScheduleIndexationOnStartup MainProcess:False IndexOnStartup:True
Mono: successfully reloaded assembly
- Finished resetting the current domain, in  0.629 seconds
Domain Reload Profiling: 1216ms
	BeginReloadAssembly (188ms)
		DisableScriptedObjects (5ms)
		CreateAndSetChildDomain (46ms)
	RebuildCommonClasses (8ms)
	RebuildNativeTypeToScriptingClass (14ms)
	initialDomainReloadingComplete (53ms)
	LoadAllAssembliesAndSetupDomain (322ms)
		LoadAssemblies (284ms)
		AnalyzeDomain (16ms)
			TypeCache.Refresh (6ms)
			ResolveRequiredComponents (7ms)
	FinalizeReload (630ms)
		SetupLoadedEditorAssemblies (0ms)
			InitializePlatformSupportModulesInManaged (8ms)
			BeforeProcessingInitializeOnLoad (70ms)
			ProcessInitializeOnLoadAttributes (254ms)
			ProcessInitializeOnLoadMethodAttributes (108ms)
			AfterProcessingInitializeOnLoad (7ms)
		AwakeInstancesAfterBackupRestoration (19ms)
Refreshing native plugins compatible for Editor in 2.60 ms, found 4 plugins.
Unloading 22 Unused Serialized files (Serialized files now loaded: 0)
Unloading 6429 unused Assets / (4.9 MB). Loaded Objects now: 7480.
Memory consumption went from 408.5 MB to 403.6 MB.
Total: 8.772700 ms (FindLiveObjects: 0.942400 ms CreateObjectMapping: 1.571500 ms MarkObjects: 4.343200 ms  DeleteObjects: 1.915200 ms)

Prepare: number of updated asset objects reloaded= 0
========================================================================
Received Prepare
AcceleratorClientConnectionCallback - disconnected - :0
[Licensing::Client] Successfully resolved entitlement details
Begin MonoManager ReloadAssembly
Native extension for Android target not found
Native extension for WindowsStandalone target not found
Native extension for WebGL target not found
[Package Manager] Failed to launch server process. Reason: Unity was launched with the -noUpm command-line argument
[Package Manager] Unable to send message (not connected to server process).
[Package Manager] Cannot connect to Unity Package Manager local server
[Package Manager] Failed to launch server process. Reason: Unity was launched with the -noUpm command-line argument
[Package Manager] Unable to send message (not connected to server process).
[Package Manager] Cannot connect to Unity Package Manager local server
ScheduleIndexationOnStartup MainProcess:False IndexOnStartup:True
Mono: successfully reloaded assembly
- Finished resetting the current domain, in  0.586 seconds
Domain Reload Profiling: 1165ms
	BeginReloadAssembly (186ms)
		DisableScriptedObjects (6ms)
		CreateAndSetChildDomain (47ms)
	RebuildCommonClasses (9ms)
	RebuildNativeTypeToScriptingClass (15ms)
	initialDomainReloadingComplete (56ms)
	LoadAllAssembliesAndSetupDomain (313ms)
		LoadAssemblies (273ms)
		AnalyzeDomain (16ms)
			TypeCache.Refresh (6ms)
			ResolveRequiredComponents (6ms)
	FinalizeReload (587ms)
		SetupLoadedEditorAssemblies (0ms)
			InitializePlatformSupportModulesInManaged (7ms)
			BeforeProcessingInitializeOnLoad (67ms)
			ProcessInitializeOnLoadAttributes (212ms)
			ProcessInitializeOnLoadMethodAttributes (101ms)
			AfterProcessingInitializeOnLoad (7ms)
		AwakeInstancesAfterBackupRestoration (22ms)
Refreshing native plugins compatible for Editor in 2.19 ms, found 4 plugins.
Unloading 22 Unused Serialized files (Serialized files now loaded: 0)
Unloading 6429 unused Assets / (5.5 MB). Loaded Objects now: 7483.
Memory consumption went from 410.7 MB to 405.3 MB.
Total: 9.744900 ms (FindLiveObjects: 0.893100 ms CreateObjectMapping: 1.505400 ms MarkObjects: 5.046500 ms  DeleteObjects: 2.299300 ms)

Prepare: number of updated asset objects reloaded= 0
========================================================================
Received Prepare
AcceleratorClientConnectionCallback - disconnected - :0
Refreshing native plugins compatible for Editor in 2.20 ms, found 4 plugins.
Unloading 22 Unused Serialized files (Serialized files now loaded: 0)
Unloading 22 unused Assets / (2.6 MB). Loaded Objects now: 7483.
Memory consumption went from 408.3 MB to 405.7 MB.
Total: 5.948100 ms (FindLiveObjects: 0.433600 ms CreateObjectMapping: 0.647800 ms MarkObjects: 4.406800 ms  DeleteObjects: 0.459400 ms)

Prepare: number of updated asset objects reloaded= 0
Editor requested this worker to shutdown with reason: Editor is closing down
AcceleratorClientConnectionCallback - disconnected - :0
AssetImportWorker is now disconnected from the server
Process exiting
Exiting without the bug reporter. Application will terminate with return code 0